x-axis,1,2
second,Volt,Volt
-33.600E-03,+2.674E-03,+69.692E-03
-33.500E-03,+3.538E-03,+69.692E-03
-33.400E-03,+4.101E-03,+69.692E-03
-33.300E-03,+4.814E-03,+69.692E-03
-33.200E-03,+5.809E-03,+69.692E-03
-33.100E-03,+6.503E-03,+69.692E-03
-33.000E-03,+7.206E-03,+73.712E-03
-32.900E-03,+8.171E-03,+69.692E-03
-32.800E-03,+8.885E-03,+69.692E-03
-32.700E-03,+9.598E-03,+69.692E-03
-32.600E-03,+10.523E-03,+69.692E-03
-32.500E-03,+11.025E-03,+69.692E-03
-32.400E-03,+11.779E-03,+69.692E-03
-32.300E-03,+12.533E-03,+69.692E-03
-32.200E-03,+13.166E-03,+69.692E-03
-32.100E-03,+13.880E-03,+69.692E-03
-32.000E-03,+14.644E-03,+73.712E-03
-31.900E-03,+15.558E-03,+74.717E-03
-31.800E-03,+16.272E-03,+74.114E-03
-31.700E-03,+17.056E-03,+74.717E-03
-31.600E-03,+17.809E-03,+74.717E-03
-31.500E-03,+18.463E-03,+74.717E-03
-31.400E-03,+19.317E-03,+74.717E-03
-31.300E-03,+20.071E-03,+74.717E-03
-31.200E-03,+20.804E-03,+74.717E-03
-31.100E-03,+21.518E-03,+74.717E-03
-31.000E-03,+22.231E-03,+74.717E-03
-30.900E-03,+22.945E-03,+74.717E-03
-30.800E-03,+23.588E-03,+74.717E-03
-30.700E-03,+24.121E-03,+75.320E-03
-30.600E-03,+25.086E-03,+74.717E-03
-30.500E-03,+25.799E-03,+74.717E-03
-30.400E-03,+26.513E-03,+74.717E-03
-30.300E-03,+27.226E-03,+74.717E-03
-30.200E-03,+27.860E-03,+74.717E-03
-30.100E-03,+28.613E-03,+74.717E-03
-30.000E-03,+29.367E-03,+74.717E-03
-29.900E-03,+30.081E-03,+74.717E-03
-29.800E-03,+30.794E-03,+74.717E-03
-29.700E-03,+31.508E-03,+74.717E-03
-29.600E-03,+32.221E-03,+74.717E-03
-29.500E-03,+32.935E-03,+74.717E-03
-29.400E-03,+33.397E-03,+74.717E-03
-29.300E-03,+34.362E-03,+74.717E-03
-29.200E-03,+35.076E-03,+74.717E-03
-29.100E-03,+35.649E-03,+74.717E-03
-29.000E-03,+36.503E-03,+74.717E-03
-28.900E-03,+37.277E-03,+74.717E-03
-28.800E-03,+38.161E-03,+74.717E-03
-28.700E-03,+38.895E-03,+74.717E-03
-28.600E-03,+39.669E-03,+74.717E-03
-28.500E-03,+40.473E-03,+74.717E-03
-28.400E-03,+41.176E-03,+74.717E-03
-28.300E-03,+41.749E-03,+73.310E-03
-28.200E-03,+42.684E-03,+74.717E-03
-28.100E-03,+43.427E-03,+74.717E-03
-28.000E-03,+44.191E-03,+74.717E-03
-27.900E-03,+44.945E-03,+74.717E-03
-27.800E-03,+45.819E-03,+74.717E-03
-27.700E-03,+46.533E-03,+74.717E-03
-27.600E-03,+47.247E-03,+74.717E-03
-27.500E-03,+47.960E-03,+79.742E-03
-27.400E-03,+48.674E-03,+75.521E-03
-27.300E-03,+49.387E-03,+74.717E-03
-27.200E-03,+50.352E-03,+74.717E-03
-27.100E-03,+51.066E-03,+74.717E-03
-27.000E-03,+51.779E-03,+74.717E-03
-26.900E-03,+52.493E-03,+74.717E-03
-26.800E-03,+53.458E-03,+74.717E-03
-26.700E-03,+54.171E-03,+74.717E-03
-26.600E-03,+54.885E-03,+74.717E-03
-26.500E-03,+55.598E-03,+74.717E-03
-26.400E-03,+56.312E-03,+74.717E-03
-26.300E-03,+57.277E-03,+74.717E-03
-26.200E-03,+57.759E-03,+74.717E-03
-26.100E-03,+58.262E-03,+74.717E-03
-26.000E-03,+59.166E-03,+74.717E-03
-25.900E-03,+60.020E-03,+76.928E-03
-25.800E-03,+60.774E-03,+74.717E-03
-25.700E-03,+61.528E-03,+75.320E-03
-25.600E-03,+62.272E-03,+79.742E-03
-25.500E-03,+62.985E-03,+79.742E-03
-25.400E-03,+63.699E-03,+79.742E-03
-25.300E-03,+64.412E-03,+79.742E-03
-25.200E-03,+65.126E-03,+79.742E-03
-25.100E-03,+65.840E-03,+79.742E-03
-25.000E-03,+66.553E-03,+79.742E-03
-24.900E-03,+67.478E-03,+79.742E-03
-24.800E-03,+68.231E-03,+79.742E-03
-24.700E-03,+68.814E-03,+79.742E-03
-24.600E-03,+69.498E-03,+79.742E-03
-24.500E-03,+70.372E-03,+79.742E-03
-24.400E-03,+71.076E-03,+79.742E-03
-24.300E-03,+71.578E-03,+79.742E-03
-24.200E-03,+72.262E-03,+79.742E-03
-24.100E-03,+73.226E-03,+79.742E-03
-24.000E-03,+73.940E-03,+79.742E-03
-23.900E-03,+74.654E-03,+79.742E-03
-23.800E-03,+75.598E-03,+79.742E-03
-23.700E-03,+76.081E-03,+79.742E-03
-23.600E-03,+76.855E-03,+79.742E-03
-23.500E-03,+77.608E-03,+79.742E-03
-23.400E-03,+78.362E-03,+77.531E-03
-23.300E-03,+78.935E-03,+79.742E-03
-23.200E-03,+79.649E-03,+79.742E-03
-23.100E-03,+80.372E-03,+74.918E-03
-23.000E-03,+81.126E-03,+74.717E-03
-22.900E-03,+81.880E-03,+77.933E-03
-22.800E-03,+82.503E-03,+74.717E-03
-22.700E-03,+83.387E-03,+79.742E-03
-22.600E-03,+84.392E-03,+78.938E-03
-22.500E-03,+85.146E-03,+74.717E-03
-22.400E-03,+85.608E-03,+74.717E-03
-22.300E-03,+86.322E-03,+74.717E-03
-22.200E-03,+87.035E-03,+74.717E-03
-22.100E-03,+87.840E-03,+74.717E-03
-22.000E-03,+88.714E-03,+74.717E-03
-21.900E-03,+89.176E-03,+74.717E-03
-21.800E-03,+89.890E-03,+74.717E-03
-21.700E-03,+90.855E-03,+74.717E-03
-21.600E-03,+91.317E-03,+74.717E-03
-21.500E-03,+92.282E-03,+74.717E-03
-21.400E-03,+92.935E-03,+74.717E-03
-21.300E-03,+93.458E-03,+74.717E-03
-21.200E-03,+94.171E-03,+74.717E-03
-21.100E-03,+94.885E-03,+74.717E-03
-21.000E-03,+95.749E-03,+71.702E-03
-20.900E-03,+96.704E-03,+74.717E-03
-20.800E-03,+97.347E-03,+71.099E-03
-20.700E-03,+98.242E-03,+70.295E-03
-20.600E-03,+98.714E-03,+74.717E-03
-20.500E-03,+99.468E-03,+70.697E-03
-20.400E-03,+100.131E-03,+74.717E-03
-20.300E-03,+100.845E-03,+69.692E-03
-20.200E-03,+101.729E-03,+71.300E-03
-20.100E-03,+102.272E-03,+69.692E-03
-20.000E-03,+103.237E-03,+69.692E-03
-19.900E-03,+103.739E-03,+74.717E-03
-19.800E-03,+104.664E-03,+74.717E-03
-19.700E-03,+105.126E-03,+74.717E-03
-19.600E-03,+105.840E-03,+74.717E-03
-19.500E-03,+106.804E-03,+69.692E-03
-19.400E-03,+107.508E-03,+74.516E-03
-19.300E-03,+108.010E-03,+69.692E-03
-19.200E-03,+108.694E-03,+69.692E-03
-19.100E-03,+109.407E-03,+71.903E-03
-19.000E-03,+110.272E-03,+69.692E-03
-18.900E-03,+110.834E-03,+73.511E-03
-18.800E-03,+111.799E-03,+69.692E-03
-18.700E-03,+112.262E-03,+70.094E-03
-18.600E-03,+113.035E-03,+69.692E-03
-18.500E-03,+113.789E-03,+71.702E-03
-18.400E-03,+114.654E-03,+71.903E-03
-18.300E-03,+115.618E-03,+71.099E-03
-18.200E-03,+116.081E-03,+74.114E-03
-18.100E-03,+117.046E-03,+69.692E-03
-18.000E-03,+117.759E-03,+69.692E-03
-17.900E-03,+118.221E-03,+69.692E-03
-17.800E-03,+119.186E-03,+72.104E-03
-17.700E-03,+119.900E-03,+73.109E-03
-17.600E-03,+120.613E-03,+69.692E-03
-17.500E-03,+121.327E-03,+69.692E-03
-17.400E-03,+121.829E-03,+69.692E-03
-17.300E-03,+122.583E-03,+69.692E-03
-17.200E-03,+123.468E-03,+69.692E-03
-17.100E-03,+124.091E-03,+69.692E-03
-17.000E-03,+124.845E-03,+69.692E-03
-16.900E-03,+125.357E-03,+69.692E-03
-16.800E-03,+126.573E-03,+69.692E-03
-16.700E-03,+127.035E-03,+66.074E-03
-16.600E-03,+127.890E-03,+69.692E-03
-16.500E-03,+128.463E-03,+66.677E-03
-16.400E-03,+129.427E-03,+68.486E-03
-16.300E-03,+130.121E-03,+69.692E-03
-16.200E-03,+130.623E-03,+69.692E-03
-16.100E-03,+131.377E-03,+69.692E-03
-16.000E-03,+132.382E-03,+69.692E-03
-15.900E-03,+133.247E-03,+69.692E-03
-15.800E-03,+133.960E-03,+69.692E-03
-15.700E-03,+134.644E-03,+69.692E-03
-15.600E-03,+135.377E-03,+69.692E-03
-15.500E-03,+135.900E-03,+69.692E-03
-15.400E-03,+136.724E-03,+69.692E-03
-15.300E-03,+137.528E-03,+69.692E-03
-15.200E-03,+138.242E-03,+69.692E-03
-15.100E-03,+138.955E-03,+69.692E-03
-15.000E-03,+139.669E-03,+69.692E-03
-14.900E-03,+140.382E-03,+69.692E-03
-14.800E-03,+141.096E-03,+69.692E-03
-14.700E-03,+141.809E-03,+69.692E-03
-14.600E-03,+142.774E-03,+69.692E-03
-14.500E-03,+143.488E-03,+69.692E-03
-14.400E-03,+143.950E-03,+69.692E-03
-14.300E-03,+144.915E-03,+69.692E-03
-14.200E-03,+145.950E-03,+69.692E-03
-14.100E-03,+146.593E-03,+69.692E-03
-14.000E-03,+147.458E-03,+71.702E-03
-13.900E-03,+148.211E-03,+69.692E-03
-13.800E-03,+148.965E-03,+70.094E-03
-13.700E-03,+149.468E-03,+69.692E-03
-13.600E-03,+150.412E-03,+73.511E-03
-13.500E-03,+151.126E-03,+72.707E-03
-13.400E-03,+151.840E-03,+71.903E-03
-13.300E-03,+152.804E-03,+74.717E-03
-13.200E-03,+153.518E-03,+74.114E-03
-13.100E-03,+154.231E-03,+74.717E-03
-13.000E-03,+154.945E-03,+74.717E-03
-12.900E-03,+155.659E-03,+74.717E-03
-12.800E-03,+156.623E-03,+74.717E-03
-12.700E-03,+157.005E-03,+79.742E-03
-12.600E-03,+157.799E-03,+79.742E-03
-12.500E-03,+158.513E-03,+74.717E-03
-12.400E-03,+159.226E-03,+75.521E-03
-12.300E-03,+160.191E-03,+79.742E-03
-12.200E-03,+160.905E-03,+77.129E-03
-12.100E-03,+161.618E-03,+79.742E-03
-12.000E-03,+162.332E-03,+74.717E-03
-11.900E-03,+163.046E-03,+74.918E-03
-11.800E-03,+163.759E-03,+75.320E-03
-11.700E-03,+164.473E-03,+79.742E-03
-11.600E-03,+165.186E-03,+76.928E-03
-11.500E-03,+166.051E-03,+79.742E-03
-11.400E-03,+166.804E-03,+75.923E-03
-11.300E-03,+167.327E-03,+74.717E-03
-11.200E-03,+168.312E-03,+79.742E-03
-11.100E-03,+169.066E-03,+75.923E-03
-11.000E-03,+169.719E-03,+79.742E-03
-10.900E-03,+170.543E-03,+74.717E-03
-10.800E-03,+171.327E-03,+78.335E-03
-10.700E-03,+172.111E-03,+74.717E-03
-10.600E-03,+172.834E-03,+79.541E-03
-10.500E-03,+173.538E-03,+75.722E-03
-10.400E-03,+174.252E-03,+74.717E-03
-10.300E-03,+174.965E-03,+74.717E-03
-10.200E-03,+175.679E-03,+74.717E-03
-10.100E-03,+176.352E-03,+74.717E-03
-10.000E-03,+177.106E-03,+74.717E-03
-9.900E-03,+177.860E-03,+74.717E-03
-9.800E-03,+178.533E-03,+74.717E-03
-9.700E-03,+179.367E-03,+74.717E-03
-9.600E-03,+180.121E-03,+74.717E-03
-9.500E-03,+180.875E-03,+74.717E-03
-9.400E-03,+181.639E-03,+74.717E-03
-9.300E-03,+182.352E-03,+74.717E-03
-9.200E-03,+183.317E-03,+74.717E-03
-9.100E-03,+184.030E-03,+74.717E-03
-9.000E-03,+184.644E-03,+74.717E-03
-8.900E-03,+185.206E-03,+74.717E-03
-8.800E-03,+185.920E-03,+74.717E-03
-8.700E-03,+186.885E-03,+74.717E-03
-8.600E-03,+187.659E-03,+74.717E-03
-8.500E-03,+188.563E-03,+74.717E-03
-8.400E-03,+189.417E-03,+74.717E-03
-8.300E-03,+189.990E-03,+74.717E-03
-8.200E-03,+190.704E-03,+74.717E-03
-8.100E-03,+191.417E-03,+74.717E-03
-8.000E-03,+192.131E-03,+74.717E-03
-7.900E-03,+193.096E-03,+74.717E-03
-7.800E-03,+193.809E-03,+74.717E-03
-7.700E-03,+194.523E-03,+74.717E-03
-7.600E-03,+195.237E-03,+74.717E-03
-7.500E-03,+195.950E-03,+74.717E-03
-7.400E-03,+196.704E-03,+74.717E-03
-7.300E-03,+197.628E-03,+74.717E-03
-7.200E-03,+198.342E-03,+74.717E-03
-7.100E-03,+199.216E-03,+74.717E-03
-7.000E-03,+200.020E-03,+74.717E-03
-6.900E-03,+200.724E-03,+74.717E-03
-6.800E-03,+201.448E-03,+79.742E-03
-6.700E-03,+201.980E-03,+74.717E-03
-6.600E-03,+202.623E-03,+74.717E-03
-6.500E-03,+203.337E-03,+76.727E-03
-6.400E-03,+204.051E-03,+75.923E-03
-6.300E-03,+205.015E-03,+75.119E-03
-6.200E-03,+205.729E-03,+79.742E-03
-6.100E-03,+206.443E-03,+79.742E-03
-6.000E-03,+207.156E-03,+79.742E-03
-5.900E-03,+207.870E-03,+79.742E-03
-5.800E-03,+208.583E-03,+79.742E-03
-5.700E-03,+209.518E-03,+79.742E-03
-5.600E-03,+210.020E-03,+79.742E-03
-5.500E-03,+210.724E-03,+79.742E-03
-5.400E-03,+211.528E-03,+79.742E-03
-5.300E-03,+212.402E-03,+79.742E-03
-5.200E-03,+213.116E-03,+79.742E-03
-5.100E-03,+213.578E-03,+79.742E-03
-5.000E-03,+214.543E-03,+79.742E-03
-4.900E-03,+215.257E-03,+79.742E-03
-4.800E-03,+215.970E-03,+79.742E-03
-4.700E-03,+216.684E-03,+79.742E-03
-4.600E-03,+217.397E-03,+79.742E-03
-4.500E-03,+218.111E-03,+79.742E-03
-4.400E-03,+219.076E-03,+79.742E-03
-4.300E-03,+219.789E-03,+79.742E-03
-4.200E-03,+220.322E-03,+78.335E-03
-4.100E-03,+221.327E-03,+79.742E-03
-4.000E-03,+221.930E-03,+79.742E-03
-3.900E-03,+222.644E-03,+75.923E-03
-3.800E-03,+223.357E-03,+79.742E-03
-3.700E-03,+224.071E-03,+75.119E-03
-3.600E-03,+224.845E-03,+79.742E-03
-3.500E-03,+225.498E-03,+76.727E-03
-3.400E-03,+226.463E-03,+74.717E-03
-3.300E-03,+226.995E-03,+74.717E-03
-3.200E-03,+227.890E-03,+74.717E-03
-3.100E-03,+228.603E-03,+79.742E-03
-3.000E-03,+229.317E-03,+75.722E-03
-2.900E-03,+230.121E-03,+76.526E-03
-2.800E-03,+230.623E-03,+77.129E-03
-2.700E-03,+231.458E-03,+79.742E-03
-2.600E-03,+232.131E-03,+79.742E-03
-2.500E-03,+232.885E-03,+79.742E-03
-2.400E-03,+233.598E-03,+75.521E-03
-2.300E-03,+234.312E-03,+79.742E-03
-2.200E-03,+235.277E-03,+79.742E-03
-2.100E-03,+235.990E-03,+74.717E-03
-2.000E-03,+236.905E-03,+75.722E-03
-1.900E-03,+237.417E-03,+79.742E-03
-1.800E-03,+238.161E-03,+79.742E-03
-1.700E-03,+239.096E-03,+74.717E-03
-1.600E-03,+239.809E-03,+74.717E-03
-1.500E-03,+240.422E-03,+74.717E-03
-1.400E-03,+241.237E-03,+74.717E-03
-1.300E-03,+242.181E-03,+74.717E-03
-1.200E-03,+242.895E-03,+74.717E-03
-1.100E-03,+243.628E-03,+74.717E-03
-1.000E-03,+244.091E-03,+74.717E-03
-900E-06,+245.056E-03,+74.717E-03
-800E-06,+245.769E-03,+78.335E-03
-700E-06,+246.483E-03,+74.717E-03
-600E-06,+247.196E-03,+74.918E-03
-500E-06,+248.161E-03,+74.717E-03
-400E-06,+248.623E-03,+77.933E-03
-300E-06,+249.337E-03,+77.330E-03
-200E-06,+250.302E-03,+78.134E-03
-100E-06,+251.267E-03,+79.742E-03
-0.0E+00,+251.980E-03,+74.717E-03
+100E-06,+252.694E-03,+79.742E-03
+200E-06,+253.237E-03,+78.134E-03
+300E-06,+253.990E-03,+77.129E-03
+400E-06,+254.834E-03,+74.717E-03
+500E-06,+255.548E-03,+74.717E-03
+600E-06,+256.754E-03,+74.918E-03
+700E-06,+257.478E-03,+79.742E-03
+800E-06,+258.010E-03,+76.124E-03
+900E-06,+258.764E-03,+79.742E-03
+1.000E-03,+259.367E-03,+79.742E-03
+1.100E-03,+260.081E-03,+79.742E-03
+1.200E-03,+260.794E-03,+79.742E-03
+1.300E-03,+261.508E-03,+84.768E-03
+1.400E-03,+262.221E-03,+80.948E-03
+1.500E-03,+263.035E-03,+84.768E-03
+1.600E-03,+263.649E-03,+84.768E-03
+1.700E-03,+264.543E-03,+84.768E-03
+1.800E-03,+265.076E-03,+84.768E-03
+1.900E-03,+265.789E-03,+84.768E-03
+2.000E-03,+266.503E-03,+84.768E-03
+2.100E-03,+267.307E-03,+84.768E-03
+2.200E-03,+268.181E-03,+87.381E-03
+2.300E-03,+268.895E-03,+84.768E-03
+2.400E-03,+269.608E-03,+84.768E-03
+2.500E-03,+270.322E-03,+89.793E-03
+2.600E-03,+271.035E-03,+89.793E-03
+2.700E-03,+271.749E-03,+89.793E-03
+2.800E-03,+272.463E-03,+84.768E-03
+2.900E-03,+273.337E-03,+84.768E-03
+3.000E-03,+274.091E-03,+84.768E-03
+3.100E-03,+274.593E-03,+84.768E-03
+3.200E-03,+275.538E-03,+84.768E-03
+3.300E-03,+276.030E-03,+84.768E-03
+3.400E-03,+276.995E-03,+84.768E-03
+3.500E-03,+277.458E-03,+84.768E-03
+3.600E-03,+278.422E-03,+84.768E-03
+3.700E-03,+279.116E-03,+84.768E-03
+3.800E-03,+279.850E-03,+84.768E-03
+3.900E-03,+280.563E-03,+84.768E-03
+4.000E-03,+281.126E-03,+81.752E-03
+4.100E-03,+281.990E-03,+82.556E-03
+4.200E-03,+282.704E-03,+79.742E-03
+4.300E-03,+283.639E-03,+79.742E-03
+4.400E-03,+284.131E-03,+79.742E-03
+4.500E-03,+284.845E-03,+79.742E-03
+4.600E-03,+285.809E-03,+79.742E-03
+4.700E-03,+286.402E-03,+79.742E-03
+4.800E-03,+287.156E-03,+79.742E-03
+4.900E-03,+287.659E-03,+79.742E-03
+5.000E-03,+288.161E-03,+79.742E-03
+5.100E-03,+289.126E-03,+79.742E-03
+5.200E-03,+289.840E-03,+79.742E-03
+5.300E-03,+290.553E-03,+79.742E-03
+5.400E-03,+291.267E-03,+79.742E-03
+5.500E-03,+291.980E-03,+83.763E-03
+5.600E-03,+292.704E-03,+79.742E-03
+5.700E-03,+293.659E-03,+84.768E-03
+5.800E-03,+294.121E-03,+79.742E-03
+5.900E-03,+294.945E-03,+79.742E-03
+6.000E-03,+295.799E-03,+81.753E-03
+6.100E-03,+296.513E-03,+83.561E-03
+6.200E-03,+297.226E-03,+84.366E-03
+6.300E-03,+297.940E-03,+80.144E-03
+6.400E-03,+298.654E-03,+84.768E-03
+6.500E-03,+299.468E-03,+82.758E-03
+6.600E-03,+299.970E-03,+84.768E-03
+6.700E-03,+300.794E-03,+84.768E-03
+6.800E-03,+301.508E-03,+84.768E-03
+6.900E-03,+302.221E-03,+84.768E-03
+7.000E-03,+302.935E-03,+84.768E-03
+7.100E-03,+303.397E-03,+84.768E-03
+7.200E-03,+304.231E-03,+84.768E-03
+7.300E-03,+305.247E-03,+84.768E-03
+7.400E-03,+306.041E-03,+85.572E-03
+7.500E-03,+306.754E-03,+84.768E-03
+7.600E-03,+307.468E-03,+89.793E-03
+7.700E-03,+307.930E-03,+89.793E-03
+7.800E-03,+308.764E-03,+89.793E-03
+7.900E-03,+309.357E-03,+89.793E-03
+8.000E-03,+310.322E-03,+89.793E-03
+8.100E-03,+310.794E-03,+94.818E-03
+8.200E-03,+311.779E-03,+94.818E-03
+8.300E-03,+312.533E-03,+94.818E-03
+8.400E-03,+313.176E-03,+94.818E-03
+8.500E-03,+314.041E-03,+96.828E-03
+8.600E-03,+314.603E-03,+94.818E-03
+8.700E-03,+315.317E-03,+99.441E-03
+8.800E-03,+316.051E-03,+99.441E-03
+8.900E-03,+316.804E-03,+99.843E-03
+9.000E-03,+317.458E-03,+99.843E-03
+9.100E-03,+318.422E-03,+99.843E-03
+9.200E-03,+319.136E-03,+103.461E-03
+9.300E-03,+319.598E-03,+99.843E-03
+9.400E-03,+320.563E-03,+99.843E-03
+9.500E-03,+321.528E-03,+103.863E-03
+9.600E-03,+322.081E-03,+104.868E-03
+9.700E-03,+322.704E-03,+104.868E-03
+9.800E-03,+323.588E-03,+101.451E-03
+9.900E-03,+324.382E-03,+104.868E-03
+10.000E-03,+325.096E-03,+104.868E-03
+10.100E-03,+325.809E-03,+100.647E-03
+10.200E-03,+326.352E-03,+104.868E-03
+10.300E-03,+327.237E-03,+104.868E-03
+10.400E-03,+327.950E-03,+108.084E-03
+10.500E-03,+328.664E-03,+104.868E-03
+10.600E-03,+329.377E-03,+109.692E-03
+10.700E-03,+330.091E-03,+104.868E-03
+10.800E-03,+330.804E-03,+104.868E-03
+10.900E-03,+331.377E-03,+104.868E-03
+11.000E-03,+332.231E-03,+104.868E-03
+11.100E-03,+332.945E-03,+109.893E-03
+11.200E-03,+333.659E-03,+109.893E-03
+11.300E-03,+334.392E-03,+109.893E-03
+11.400E-03,+335.337E-03,+106.074E-03
+11.500E-03,+335.799E-03,+109.893E-03
+11.600E-03,+336.654E-03,+107.079E-03
+11.700E-03,+337.659E-03,+109.893E-03
+11.800E-03,+338.412E-03,+109.893E-03
+11.900E-03,+338.905E-03,+109.893E-03
+12.000E-03,+339.417E-03,+109.893E-03
+12.100E-03,+340.332E-03,+109.893E-03
+12.200E-03,+341.297E-03,+109.893E-03
+12.300E-03,+342.010E-03,+109.893E-03
+12.400E-03,+342.684E-03,+109.893E-03
+12.500E-03,+343.438E-03,+114.918E-03
+12.600E-03,+343.900E-03,+109.893E-03
+12.700E-03,+344.865E-03,+114.918E-03
+12.800E-03,+345.578E-03,+114.918E-03
+12.900E-03,+346.292E-03,+114.918E-03
+13.000E-03,+347.005E-03,+114.918E-03
+13.100E-03,+347.719E-03,+119.943E-03
+13.200E-03,+348.463E-03,+119.340E-03
+13.300E-03,+349.216E-03,+114.918E-03
+13.400E-03,+349.970E-03,+119.943E-03
+13.500E-03,+350.724E-03,+116.928E-03
+13.600E-03,+351.538E-03,+119.943E-03
+13.700E-03,+352.231E-03,+119.943E-03
+13.800E-03,+352.714E-03,+119.943E-03
+13.900E-03,+353.679E-03,+119.943E-03
+14.000E-03,+354.141E-03,+119.943E-03
+14.100E-03,+354.965E-03,+124.969E-03
+14.200E-03,+355.819E-03,+121.351E-03
+14.300E-03,+356.503E-03,+124.969E-03
+14.400E-03,+357.247E-03,+124.969E-03
+14.500E-03,+357.709E-03,+124.969E-03
+14.600E-03,+358.674E-03,+128.185E-03
+14.700E-03,+359.387E-03,+127.381E-03
+14.800E-03,+360.101E-03,+126.577E-03
+14.900E-03,+360.814E-03,+125.773E-03
+15.000E-03,+361.528E-03,+129.994E-03
+15.100E-03,+362.242E-03,+129.994E-03
+15.200E-03,+362.955E-03,+129.994E-03
+15.300E-03,+363.669E-03,+132.607E-03
+15.400E-03,+364.543E-03,+135.019E-03
+15.500E-03,+365.347E-03,+135.019E-03
+15.600E-03,+366.302E-03,+135.019E-03
+15.700E-03,+367.025E-03,+135.019E-03
+15.800E-03,+367.307E-03,+135.019E-03
+15.900E-03,+368.201E-03,+135.019E-03
+16.000E-03,+369.066E-03,+137.029E-03
+16.100E-03,+369.819E-03,+140.044E-03
+16.200E-03,+370.593E-03,+140.044E-03
+16.300E-03,+371.307E-03,+140.044E-03
+16.400E-03,+372.020E-03,+140.044E-03
+16.500E-03,+372.734E-03,+143.059E-03
+16.600E-03,+373.588E-03,+140.044E-03
+16.700E-03,+374.161E-03,+141.451E-03
+16.800E-03,+375.126E-03,+145.069E-03
+16.900E-03,+375.588E-03,+145.069E-03
+17.000E-03,+376.302E-03,+145.069E-03
+17.100E-03,+377.176E-03,+145.069E-03
+17.200E-03,+377.980E-03,+145.069E-03
+17.300E-03,+378.523E-03,+150.094E-03
+17.400E-03,+379.407E-03,+150.094E-03
+17.500E-03,+380.121E-03,+150.094E-03
+17.600E-03,+380.834E-03,+150.094E-03
+17.700E-03,+381.548E-03,+150.094E-03
+17.800E-03,+382.262E-03,+152.506E-03
+17.900E-03,+383.136E-03,+151.903E-03
+18.000E-03,+383.689E-03,+155.119E-03
+18.100E-03,+384.392E-03,+155.119E-03
+18.200E-03,+385.367E-03,+155.119E-03
+18.300E-03,+385.829E-03,+158.737E-03
+18.400E-03,+386.543E-03,+160.144E-03
+18.500E-03,+387.257E-03,+160.144E-03
+18.600E-03,+387.970E-03,+160.144E-03
+18.700E-03,+388.915E-03,+160.144E-03
+18.800E-03,+389.417E-03,+164.768E-03
+18.900E-03,+390.171E-03,+165.170E-03
+19.000E-03,+391.076E-03,+165.170E-03
+19.100E-03,+391.679E-03,+165.170E-03
+19.200E-03,+392.432E-03,+168.788E-03
+19.300E-03,+393.216E-03,+165.773E-03
+19.400E-03,+393.930E-03,+170.195E-03
+19.500E-03,+394.644E-03,+174.215E-03
+19.600E-03,+395.357E-03,+172.004E-03
+19.700E-03,+396.191E-03,+177.632E-03
+19.800E-03,+397.035E-03,+178.637E-03
+19.900E-03,+397.538E-03,+180.245E-03
+20.000E-03,+398.463E-03,+180.245E-03
+20.100E-03,+399.176E-03,+185.270E-03
+20.200E-03,+399.890E-03,+185.270E-03
+20.300E-03,+400.734E-03,+187.883E-03
+20.400E-03,+401.568E-03,+190.295E-03
+20.500E-03,+402.030E-03,+190.295E-03
+20.600E-03,+402.995E-03,+195.320E-03
+20.700E-03,+403.488E-03,+195.320E-03
+20.800E-03,+404.242E-03,+195.320E-03
+20.900E-03,+404.995E-03,+195.320E-03
+21.000E-03,+405.749E-03,+200.345E-03
+21.100E-03,+406.563E-03,+201.552E-03
+21.200E-03,+407.277E-03,+205.371E-03
+21.300E-03,+408.221E-03,+205.371E-03
+21.400E-03,+408.704E-03,+210.396E-03
+21.500E-03,+409.417E-03,+210.396E-03
+21.600E-03,+410.131E-03,+215.421E-03
+21.700E-03,+411.025E-03,+215.421E-03
+21.800E-03,+411.558E-03,+216.024E-03
+21.900E-03,+412.523E-03,+220.446E-03
+22.000E-03,+413.237E-03,+220.446E-03
+22.100E-03,+414.041E-03,+222.255E-03
+22.200E-03,+414.664E-03,+225.471E-03
+22.300E-03,+415.377E-03,+227.079E-03
+22.400E-03,+416.091E-03,+230.496E-03
+22.500E-03,+416.804E-03,+235.521E-03
+22.600E-03,+417.518E-03,+235.521E-03
+22.700E-03,+418.483E-03,+240.546E-03
+22.800E-03,+419.196E-03,+240.546E-03
+22.900E-03,+419.749E-03,+245.572E-03
+23.000E-03,+420.875E-03,+245.572E-03
+23.100E-03,+421.337E-03,+250.597E-03
+23.200E-03,+422.081E-03,+255.019E-03
+23.300E-03,+422.764E-03,+255.622E-03
+23.400E-03,+423.478E-03,+260.647E-03
+23.500E-03,+424.191E-03,+265.672E-03
+23.600E-03,+425.096E-03,+265.672E-03
+23.700E-03,+425.850E-03,+270.697E-03
+23.800E-03,+426.583E-03,+275.722E-03
+23.900E-03,+427.357E-03,+275.722E-03
+24.000E-03,+428.111E-03,+280.747E-03
+24.100E-03,+428.865E-03,+282.959E-03
+24.200E-03,+429.689E-03,+285.773E-03
+24.300E-03,+430.372E-03,+290.798E-03
+24.400E-03,+431.116E-03,+295.622E-03
+24.500E-03,+431.628E-03,+295.823E-03
+24.600E-03,+432.382E-03,+299.039E-03
+24.700E-03,+433.136E-03,+300.848E-03
+24.800E-03,+433.970E-03,+305.873E-03
+24.900E-03,+434.644E-03,+310.898E-03
+25.000E-03,+435.397E-03,+310.898E-03
+25.100E-03,+436.362E-03,+315.923E-03
+25.200E-03,+437.076E-03,+319.340E-03
+25.300E-03,+437.789E-03,+320.948E-03
+25.400E-03,+438.252E-03,+320.948E-03
+25.500E-03,+438.965E-03,+326.979E-03
+25.600E-03,+439.427E-03,+330.999E-03
+25.700E-03,+440.392E-03,+336.024E-03
+25.800E-03,+441.106E-03,+336.024E-03
+25.900E-03,+441.960E-03,+341.049E-03
+26.000E-03,+442.533E-03,+348.084E-03
+26.100E-03,+443.247E-03,+351.099E-03
+26.200E-03,+443.960E-03,+356.124E-03
+26.300E-03,+444.694E-03,+361.149E-03
+26.400E-03,+445.196E-03,+366.175E-03
+26.500E-03,+446.101E-03,+369.190E-03
+26.600E-03,+446.814E-03,+376.225E-03
+26.700E-03,+447.528E-03,+381.250E-03
+26.800E-03,+448.463E-03,+386.275E-03
+26.900E-03,+448.965E-03,+391.099E-03
+27.000E-03,+449.719E-03,+391.300E-03
+27.100E-03,+450.473E-03,+396.325E-03
+27.200E-03,+451.226E-03,+401.350E-03
+27.300E-03,+451.980E-03,+406.376E-03
+27.400E-03,+452.734E-03,+411.401E-03
+27.500E-03,+453.488E-03,+416.426E-03
+27.600E-03,+454.201E-03,+425.672E-03
+27.700E-03,+454.915E-03,+431.501E-03
+27.800E-03,+455.628E-03,+439.139E-03
+27.900E-03,+456.342E-03,+441.551E-03
+28.000E-03,+457.257E-03,+451.602E-03
+28.100E-03,+457.769E-03,+451.803E-03
+28.200E-03,+458.513E-03,+461.049E-03
+28.300E-03,+459.377E-03,+465.270E-03
+28.400E-03,+460.020E-03,+471.702E-03
+28.500E-03,+460.774E-03,+476.727E-03
+28.600E-03,+461.779E-03,+481.752E-03
+28.700E-03,+462.302E-03,+486.778E-03
+28.800E-03,+463.015E-03,+491.401E-03
+28.900E-03,+463.729E-03,+496.828E-03
+29.000E-03,+464.443E-03,+504.868E-03
+29.100E-03,+465.156E-03,+511.903E-03
+29.200E-03,+465.799E-03,+518.335E-03
+29.300E-03,+466.553E-03,+526.979E-03
+29.400E-03,+467.297E-03,+532.004E-03
+29.500E-03,+468.010E-03,+542.054E-03
+29.600E-03,+468.402E-03,+547.079E-03
+29.700E-03,+469.066E-03,+554.516E-03
+29.800E-03,+469.900E-03,+558.737E-03
+29.900E-03,+470.613E-03,+567.180E-03
+30.000E-03,+471.327E-03,+577.230E-03
+30.100E-03,+471.829E-03,+582.255E-03
+30.200E-03,+473.005E-03,+592.305E-03
+30.300E-03,+473.588E-03,+602.355E-03
+30.400E-03,+473.930E-03,+612.406E-03
+30.500E-03,+474.895E-03,+617.431E-03
+30.600E-03,+475.598E-03,+627.481E-03
+30.700E-03,+476.101E-03,+632.506E-03
+30.800E-03,+477.035E-03,+641.150E-03
+30.900E-03,+477.498E-03,+647.582E-03
+31.000E-03,+478.211E-03,+654.617E-03
+31.100E-03,+479.176E-03,+667.682E-03
+31.200E-03,+479.639E-03,+677.732E-03
+31.300E-03,+480.352E-03,+687.381E-03
+31.400E-03,+481.066E-03,+692.808E-03
+31.500E-03,+481.779E-03,+702.858E-03
+31.600E-03,+482.493E-03,+712.908E-03
+31.700E-03,+482.955E-03,+719.340E-03
+31.800E-03,+483.669E-03,+728.587E-03
+31.900E-03,+484.382E-03,+738.034E-03
+32.000E-03,+485.096E-03,+747.079E-03
+32.100E-03,+485.558E-03,+758.134E-03
+32.200E-03,+486.402E-03,+770.597E-03
+32.300E-03,+486.985E-03,+778.235E-03
+32.400E-03,+487.659E-03,+789.089E-03
+32.500E-03,+488.412E-03,+798.335E-03
+32.600E-03,+489.126E-03,+807.582E-03
+32.700E-03,+489.920E-03,+818.436E-03
+32.800E-03,+490.553E-03,+828.486E-03
+32.900E-03,+491.267E-03,+843.562E-03
+33.000E-03,+491.930E-03,+853.612E-03
+33.100E-03,+492.443E-03,+868.687E-03
+33.200E-03,+493.186E-03,+873.712E-03
+33.300E-03,+493.940E-03,+883.763E-03
+33.400E-03,+494.694E-03,+896.627E-03
+33.500E-03,+495.448E-03,+910.898E-03
+33.600E-03,+496.201E-03,+925.170E-03
+33.700E-03,+496.473E-03,+934.416E-03
+33.800E-03,+497.438E-03,+949.089E-03
+33.900E-03,+498.151E-03,+959.139E-03
+34.000E-03,+498.714E-03,+972.205E-03
+34.100E-03,+499.327E-03,+983.662E-03
+34.200E-03,+500.221E-03,+997.129E-03
+34.300E-03,+500.754E-03,+1.014416E+00
+34.400E-03,+501.468E-03,+1.029089E+00
+34.500E-03,+501.930E-03,+1.038536E+00
+34.600E-03,+502.895E-03,+1.050999E+00
+34.700E-03,+503.357E-03,+1.067079E+00
+34.800E-03,+504.071E-03,+1.082959E+00
+34.900E-03,+504.573E-03,+1.100647E+00
+35.000E-03,+505.498E-03,+1.114918E+00
+35.100E-03,+506.000E-03,+1.129190E+00
+35.200E-03,+506.674E-03,+1.140044E+00
+35.300E-03,+507.508E-03,+1.157732E+00
+35.400E-03,+508.010E-03,+1.177029E+00
+35.500E-03,+508.563E-03,+1.190295E+00
+35.600E-03,+509.267E-03,+1.200546E+00
+35.700E-03,+509.990E-03,+1.215421E+00
+35.800E-03,+510.704E-03,+1.229089E+00
+35.900E-03,+511.166E-03,+1.250597E+00
+36.000E-03,+512.030E-03,+1.265672E+00
+36.100E-03,+512.533E-03,+1.281954E+00
+36.200E-03,+513.287E-03,+1.301250E+00
+36.300E-03,+513.769E-03,+1.320546E+00
+36.400E-03,+514.483E-03,+1.339843E+00
+36.500E-03,+515.196E-03,+1.356124E+00
+36.600E-03,+515.910E-03,+1.373411E+00
+36.700E-03,+516.804E-03,+1.389089E+00
+36.800E-03,+517.307E-03,+1.412004E+00
+36.900E-03,+518.061E-03,+1.431300E+00
+37.000E-03,+518.764E-03,+1.445572E+00
+37.100E-03,+519.478E-03,+1.463059E+00
+37.200E-03,+519.940E-03,+1.481552E+00
+37.300E-03,+520.573E-03,+1.505069E+00
+37.400E-03,+521.116E-03,+1.518536E+00
+37.500E-03,+521.829E-03,+1.537029E+00
+37.600E-03,+522.332E-03,+1.560547E+00
+37.700E-03,+523.005E-03,+1.584064E+00
+37.800E-03,+523.719E-03,+1.599943E+00
+37.900E-03,+524.181E-03,+1.614215E+00
+38.000E-03,+524.895E-03,+1.638536E+00
+38.100E-03,+525.357E-03,+1.662858E+00
+38.200E-03,+526.322E-03,+1.682155E+00
+38.300E-03,+527.035E-03,+1.706476E+00
+38.400E-03,+527.357E-03,+1.730798E+00
+38.500E-03,+528.211E-03,+1.755119E+00
+38.600E-03,+528.674E-03,+1.774416E+00
+38.700E-03,+529.387E-03,+1.798737E+00
+38.800E-03,+530.101E-03,+1.823059E+00
+38.900E-03,+530.814E-03,+1.843562E+00
+39.000E-03,+531.377E-03,+1.866677E+00
+39.100E-03,+531.990E-03,+1.896024E+00
+39.200E-03,+532.453E-03,+1.915320E+00
+39.300E-03,+532.885E-03,+1.939642E+00
+39.400E-03,+533.628E-03,+1.963964E+00
+39.500E-03,+534.342E-03,+1.988285E+00
+39.600E-03,+534.804E-03,+2.012607E+00
+39.700E-03,+535.397E-03,+2.039341E+00
+39.800E-03,+536.151E-03,+2.071300E+00
+39.900E-03,+536.654E-03,+2.094818E+00
+40.000E-03,+537.156E-03,+2.119943E+00
+40.100E-03,+537.829E-03,+2.147682E+00
+40.200E-03,+538.332E-03,+2.166979E+00
+40.300E-03,+538.794E-03,+2.195521E+00
+40.400E-03,+539.508E-03,+2.224064E+00
+40.500E-03,+540.221E-03,+2.247582E+00
+40.600E-03,+540.694E-03,+2.276124E+00
+40.700E-03,+541.397E-03,+2.300848E+00
+40.800E-03,+541.860E-03,+2.333210E+00
+40.900E-03,+542.573E-03,+2.363964E+00
+41.000E-03,+543.186E-03,+2.393310E+00
+41.100E-03,+543.940E-03,+2.423863E+00
+41.200E-03,+544.443E-03,+2.457029E+00
+41.300E-03,+544.925E-03,+2.486376E+00
+41.400E-03,+545.699E-03,+2.520747E+00
+41.500E-03,+546.201E-03,+2.555119E+00
+41.600E-03,+546.814E-03,+2.584466E+00
+41.700E-03,+547.458E-03,+2.620245E+00
+41.800E-03,+547.960E-03,+2.648185E+00
+41.900E-03,+548.463E-03,+2.682356E+00
+42.000E-03,+549.166E-03,+2.711903E+00
+42.100E-03,+549.719E-03,+2.741250E+00
+42.200E-03,+550.342E-03,+2.775622E+00
+42.300E-03,+550.975E-03,+2.806577E+00
+42.400E-03,+551.478E-03,+2.845170E+00
+42.500E-03,+551.980E-03,+2.878737E+00
+42.600E-03,+552.483E-03,+2.911501E+00
+42.700E-03,+553.156E-03,+2.949290E+00
+42.800E-03,+553.870E-03,+2.979441E+00
+42.900E-03,+554.493E-03,+3.014818E+00
+43.000E-03,+555.046E-03,+3.047582E+00
+43.100E-03,+555.498E-03,+3.085170E+00
+43.200E-03,+555.970E-03,+3.118737E+00
+43.300E-03,+556.613E-03,+3.147280E+00
+43.400E-03,+557.005E-03,+3.188687E+00
+43.500E-03,+557.608E-03,+3.221451E+00
+43.600E-03,+558.071E-03,+3.264265E+00
+43.700E-03,+558.533E-03,+3.297431E+00
+43.800E-03,+559.015E-03,+3.340647E+00
+43.900E-03,+559.709E-03,+3.375019E+00
+44.000E-03,+560.422E-03,+3.419441E+00
+44.100E-03,+560.885E-03,+3.453813E+00
+44.200E-03,+561.528E-03,+3.493210E+00
+44.300E-03,+561.779E-03,+3.537029E+00
+44.400E-03,+562.523E-03,+3.576828E+00
+44.500E-03,+563.035E-03,+3.615421E+00
+44.600E-03,+563.448E-03,+3.659039E+00
+44.700E-03,+564.041E-03,+3.697632E+00
+44.800E-03,+564.543E-03,+3.746275E+00
+44.900E-03,+565.297E-03,+3.784868E+00
+45.000E-03,+565.799E-03,+3.833511E+00
+45.100E-03,+566.262E-03,+3.876325E+00
+45.200E-03,+566.804E-03,+3.922356E+00
+45.300E-03,+567.186E-03,+3.964366E+00
+45.400E-03,+567.809E-03,+4.007984E+00
+45.500E-03,+568.111E-03,+4.046577E+00
+45.600E-03,+568.814E-03,+4.090195E+00
+45.700E-03,+569.287E-03,+4.137029E+00
+45.800E-03,+569.498E-03,+4.176024E+00
+45.900E-03,+570.211E-03,+4.229491E+00
+46.000E-03,+570.674E-03,+4.268687E+00
+46.100E-03,+571.327E-03,+4.315723E+00
+46.200E-03,+571.598E-03,+4.358135E+00
+46.300E-03,+572.081E-03,+4.405572E+00
+46.400E-03,+572.523E-03,+4.449190E+00
+46.500E-03,+572.985E-03,+4.494818E+00
+46.600E-03,+573.448E-03,+4.546476E+00
+46.700E-03,+573.910E-03,+4.591501E+00
+46.800E-03,+574.372E-03,+4.643763E+00
+46.900E-03,+574.845E-03,+4.687381E+00
+47.000E-03,+575.347E-03,+4.737029E+00
+47.100E-03,+575.598E-03,+4.794717E+00
+47.200E-03,+576.101E-03,+4.840948E+00
+47.300E-03,+576.935E-03,+4.892004E+00
+47.400E-03,+577.357E-03,+4.945672E+00
+47.500E-03,+577.860E-03,+4.994315E+00
+47.600E-03,+578.322E-03,+5.047984E+00
+47.700E-03,+578.784E-03,+5.096627E+00
+47.800E-03,+579.116E-03,+5.145270E+00
+47.900E-03,+579.709E-03,+5.198938E+00
+48.000E-03,+580.372E-03,+5.252607E+00
+48.100E-03,+580.875E-03,+5.306074E+00
+48.200E-03,+581.347E-03,+5.359341E+00
+48.300E-03,+581.628E-03,+5.407180E+00
+48.400E-03,+582.131E-03,+5.462858E+00
+48.500E-03,+582.734E-03,+5.519944E+00
+48.600E-03,+583.387E-03,+5.570798E+00
+48.700E-03,+583.639E-03,+5.624064E+00
+48.800E-03,+583.870E-03,+5.680748E+00
+48.900E-03,+584.332E-03,+5.733210E+00
+49.000E-03,+584.794E-03,+5.788285E+00
+49.100E-03,+585.005E-03,+5.844567E+00
+49.200E-03,+585.719E-03,+5.892205E+00
+49.300E-03,+586.181E-03,+5.942054E+00
+49.400E-03,+586.654E-03,+5.999139E+00
+49.500E-03,+587.106E-03,+6.053612E+00
+49.600E-03,+587.659E-03,+6.113109E+00
+49.700E-03,+587.910E-03,+6.172607E+00
+49.800E-03,+588.493E-03,+6.228687E+00
+49.900E-03,+589.166E-03,+6.287381E+00
+50.000E-03,+589.417E-03,+6.346074E+00
+50.100E-03,+589.920E-03,+6.409793E+00
+50.200E-03,+590.422E-03,+6.466878E+00
+50.300E-03,+590.925E-03,+6.522155E+00
+50.400E-03,+591.176E-03,+6.585873E+00
+50.500E-03,+591.679E-03,+6.640547E+00
+50.600E-03,+591.930E-03,+6.698436E+00
+50.700E-03,+592.684E-03,+6.761954E+00
+50.800E-03,+592.935E-03,+6.824265E+00
+50.900E-03,+593.327E-03,+6.887180E+00
+51.000E-03,+593.940E-03,+6.945069E+00
+51.100E-03,+594.252E-03,+7.007984E+00
+51.200E-03,+594.714E-03,+7.070496E+00
+51.300E-03,+595.176E-03,+7.132607E+00
+51.400E-03,+595.639E-03,+7.193110E+00
+51.500E-03,+595.598E-03,+7.255622E+00
+51.600E-03,+596.312E-03,+7.319140E+00
+51.700E-03,+596.774E-03,+7.383260E+00
+51.800E-03,+597.206E-03,+7.445170E+00
+51.900E-03,+597.448E-03,+7.511300E+00
+52.000E-03,+597.960E-03,+7.578235E+00
+52.100E-03,+598.372E-03,+7.642155E+00
+52.200E-03,+598.583E-03,+7.715119E+00
+52.300E-03,+599.046E-03,+7.778034E+00
+52.400E-03,+599.719E-03,+7.845974E+00
+52.500E-03,+599.719E-03,+7.908888E+00
+52.600E-03,+600.221E-03,+7.977632E+00
+52.700E-03,+600.724E-03,+8.046376E+00
+52.800E-03,+601.226E-03,+8.112506E+00
+52.900E-03,+601.478E-03,+8.183863E+00
+53.000E-03,+601.729E-03,+8.251602E+00
+53.100E-03,+602.231E-03,+8.321351E+00
+53.200E-03,+602.734E-03,+8.388888E+00
+53.300E-03,+602.985E-03,+8.457431E+00
+53.400E-03,+603.377E-03,+8.530396E+00
+53.500E-03,+603.488E-03,+8.601351E+00
+53.600E-03,+603.990E-03,+8.671300E+00
+53.700E-03,+604.262E-03,+8.748888E+00
+53.800E-03,+604.744E-03,+8.816828E+00
+53.900E-03,+605.186E-03,+8.887783E+00
+54.000E-03,+605.749E-03,+8.958134E+00
+54.100E-03,+605.860E-03,+9.033310E+00
+54.200E-03,+606.252E-03,+9.100446E+00
+54.300E-03,+606.533E-03,+9.167582E+00
+54.400E-03,+606.754E-03,+9.239140E+00
+54.500E-03,+607.257E-03,+9.312909E+00
+54.600E-03,+607.669E-03,+9.378637E+00
+54.700E-03,+608.131E-03,+9.455823E+00
+54.800E-03,+608.513E-03,+9.524768E+00
+54.900E-03,+608.804E-03,+9.594517E+00
+55.000E-03,+609.015E-03,+9.662657E+00
+55.100E-03,+609.307E-03,+9.736426E+00
+55.200E-03,+610.020E-03,+9.815220E+00
+55.300E-03,+610.151E-03,+9.894014E+00
+55.400E-03,+610.523E-03,+9.965974E+00
+55.500E-03,+610.473E-03,+9.964164E+00
+55.600E-03,+610.262E-03,+9.892807E+00
+55.700E-03,+610.051E-03,+9.822053E+00
+55.800E-03,+609.588E-03,+9.746476E+00
+55.900E-03,+609.377E-03,+9.678737E+00
+56.000E-03,+608.764E-03,+9.604365E+00
+56.100E-03,+608.704E-03,+9.530998E+00
+56.200E-03,+608.242E-03,+9.459641E+00
+56.300E-03,+607.779E-03,+9.383260E+00
+56.400E-03,+607.508E-03,+9.310697E+00
+56.500E-03,+607.106E-03,+9.240546E+00
+56.600E-03,+606.644E-03,+9.166375E+00
+56.700E-03,+606.252E-03,+9.102858E+00
+56.800E-03,+605.970E-03,+9.035923E+00
+56.900E-03,+605.749E-03,+8.959541E+00
+57.000E-03,+605.297E-03,+8.885772E+00
+57.100E-03,+604.834E-03,+8.815220E+00
+57.200E-03,+604.493E-03,+8.743260E+00
+57.300E-03,+604.161E-03,+8.671099E+00
+57.400E-03,+603.950E-03,+8.600747E+00
+57.500E-03,+603.488E-03,+8.526978E+00
+57.600E-03,+603.236E-03,+8.454013E+00
+57.700E-03,+602.734E-03,+8.391099E+00
+57.800E-03,+602.231E-03,+8.320747E+00
+57.900E-03,+601.980E-03,+8.252004E+00
+58.000E-03,+601.226E-03,+8.183260E+00
+58.100E-03,+600.975E-03,+8.109692E+00
+58.200E-03,+600.724E-03,+8.048184E+00
+58.300E-03,+600.292E-03,+7.982656E+00
+58.400E-03,+599.829E-03,+7.914918E+00
+58.500E-03,+599.618E-03,+7.851601E+00
+58.600E-03,+599.156E-03,+7.782255E+00
+58.700E-03,+598.945E-03,+7.720948E+00
+58.800E-03,+598.463E-03,+7.654214E+00
+58.900E-03,+597.960E-03,+7.588285E+00
+59.000E-03,+597.709E-03,+7.524968E+00
+59.100E-03,+597.206E-03,+7.457833E+00
+59.200E-03,+596.704E-03,+7.392104E+00
+59.300E-03,+596.422E-03,+7.327983E+00
+59.400E-03,+595.950E-03,+7.261451E+00
+59.500E-03,+595.699E-03,+7.199340E+00
+59.600E-03,+595.448E-03,+7.137230E+00
+59.700E-03,+594.945E-03,+7.075119E+00
+59.800E-03,+594.362E-03,+7.013008E+00
+59.900E-03,+593.940E-03,+6.951702E+00
+60.000E-03,+593.689E-03,+6.893812E+00
+60.100E-03,+592.975E-03,+6.829290E+00
+60.200E-03,+592.684E-03,+6.764767E+00
+60.300E-03,+592.181E-03,+6.700245E+00
+60.400E-03,+591.679E-03,+6.642556E+00
+60.500E-03,+591.628E-03,+6.586275E+00
+60.600E-03,+590.925E-03,+6.521752E+00
+60.700E-03,+590.674E-03,+6.469089E+00
+60.800E-03,+590.171E-03,+6.410596E+00
+60.900E-03,+589.669E-03,+6.347682E+00
+61.000E-03,+589.317E-03,+6.292807E+00
+61.100E-03,+588.664E-03,+6.236928E+00
+61.200E-03,+588.141E-03,+6.179039E+00
+61.300E-03,+587.659E-03,+6.121551E+00
+61.400E-03,+586.965E-03,+6.069491E+00
+61.500E-03,+586.503E-03,+6.017431E+00
+61.600E-03,+586.041E-03,+5.958134E+00
+61.700E-03,+585.829E-03,+5.911903E+00
+61.800E-03,+585.367E-03,+5.856224E+00
+61.900E-03,+584.905E-03,+5.799139E+00
+62.000E-03,+584.443E-03,+5.742054E+00
+62.100E-03,+584.141E-03,+5.693209E+00
+62.200E-03,+583.639E-03,+5.635320E+00
+62.300E-03,+583.307E-03,+5.580848E+00
+62.400E-03,+582.633E-03,+5.528787E+00
+62.500E-03,+582.131E-03,+5.471702E+00
+62.600E-03,+581.669E-03,+5.418034E+00
+62.700E-03,+581.377E-03,+5.369390E+00
+62.800E-03,+580.995E-03,+5.310697E+00
+62.900E-03,+580.372E-03,+5.262054E+00
+63.000E-03,+579.819E-03,+5.208385E+00
+63.100E-03,+579.367E-03,+5.154717E+00
+63.200E-03,+579.116E-03,+5.101049E+00
+63.300E-03,+578.613E-03,+5.050999E+00
+63.400E-03,+577.860E-03,+4.994315E+00
+63.500E-03,+577.508E-03,+4.944064E+00
+63.600E-03,+577.046E-03,+4.893813E+00
+63.700E-03,+576.603E-03,+4.843159E+00
+63.800E-03,+576.121E-03,+4.794516E+00
+63.900E-03,+575.659E-03,+4.737833E+00
+64.000E-03,+575.096E-03,+4.690797E+00
+64.100E-03,+574.593E-03,+4.643762E+00
+64.200E-03,+574.020E-03,+4.596727E+00
+64.300E-03,+573.558E-03,+4.549692E+00
+64.400E-03,+573.096E-03,+4.502456E+00
+64.500E-03,+572.633E-03,+4.455621E+00
+64.600E-03,+572.171E-03,+4.409993E+00
+64.700E-03,+571.829E-03,+4.363963E+00
+64.800E-03,+571.498E-03,+4.321149E+00
+64.900E-03,+570.995E-03,+4.273310E+00
+65.000E-03,+570.573E-03,+4.230496E+00
+65.100E-03,+569.860E-03,+4.181853E+00
+65.200E-03,+569.568E-03,+4.134818E+00
+65.300E-03,+568.935E-03,+4.089591E+00
+65.400E-03,+568.312E-03,+4.044164E+00
+65.500E-03,+568.010E-03,+4.007380E+00
+65.600E-03,+567.548E-03,+3.968586E+00
+65.700E-03,+566.834E-03,+3.923963E+00
+65.800E-03,+566.302E-03,+3.875119E+00
+65.900E-03,+565.910E-03,+3.830697E+00
+66.000E-03,+565.297E-03,+3.786275E+00
+66.100E-03,+564.794E-03,+3.745672E+00
+66.200E-03,+564.041E-03,+3.697431E+00
+66.300E-03,+563.789E-03,+3.658436E+00
+66.400E-03,+563.287E-03,+3.614818E+00
+66.500E-03,+562.784E-03,+3.576225E+00
+66.600E-03,+562.171E-03,+3.537632E+00
+66.700E-03,+561.528E-03,+3.495421E+00
+66.800E-03,+560.995E-03,+3.455421E+00
+66.900E-03,+560.282E-03,+3.417029E+00
+67.000E-03,+559.819E-03,+3.379240E+00
+67.100E-03,+559.357E-03,+3.346476E+00
+67.200E-03,+558.895E-03,+3.301049E+00
+67.300E-03,+558.262E-03,+3.267481E+00
+67.400E-03,+557.719E-03,+3.228084E+00
+67.500E-03,+557.257E-03,+3.190295E+00
+67.600E-03,+556.543E-03,+3.151702E+00
+67.700E-03,+556.081E-03,+3.121551E+00
+67.800E-03,+555.367E-03,+3.086978E+00
+67.900E-03,+554.995E-03,+3.050999E+00
+68.000E-03,+554.443E-03,+3.021451E+00
+68.100E-03,+553.729E-03,+2.978838E+00
+68.200E-03,+553.488E-03,+2.950295E+00
+68.300E-03,+552.804E-03,+2.911702E+00
+68.400E-03,+552.231E-03,+2.878134E+00
+68.500E-03,+551.478E-03,+2.844566E+00
+68.600E-03,+550.724E-03,+2.810999E+00
+68.700E-03,+550.201E-03,+2.777431E+00
+68.800E-03,+549.719E-03,+2.738436E+00
+68.900E-03,+549.156E-03,+2.717933E+00
+69.000E-03,+548.563E-03,+2.679742E+00
+69.100E-03,+548.071E-03,+2.650396E+00
+69.200E-03,+547.458E-03,+2.617431E+00
+69.300E-03,+546.704E-03,+2.582255E+00
+69.400E-03,+546.211E-03,+2.552506E+00
+69.500E-03,+545.498E-03,+2.518938E+00
+69.600E-03,+545.196E-03,+2.487179E+00
+69.700E-03,+544.573E-03,+2.456828E+00
+69.800E-03,+543.860E-03,+2.424868E+00
+69.900E-03,+543.146E-03,+2.398938E+00
+70.000E-03,+542.684E-03,+2.366174E+00
+70.100E-03,+542.181E-03,+2.336828E+00
+70.200E-03,+541.257E-03,+2.309089E+00
+70.300E-03,+540.915E-03,+2.280546E+00
+70.400E-03,+540.171E-03,+2.252004E+00
+70.500E-03,+539.618E-03,+2.228486E+00
+70.600E-03,+538.905E-03,+2.199943E+00
+70.700E-03,+538.412E-03,+2.171401E+00
+70.800E-03,+537.729E-03,+2.151501E+00
+70.900E-03,+537.267E-03,+2.124365E+00
+71.000E-03,+536.804E-03,+2.095823E+00
+71.100E-03,+536.091E-03,+2.072305E+00
+71.200E-03,+535.397E-03,+2.044164E+00
+71.300E-03,+534.915E-03,+2.014818E+00
+71.400E-03,+534.201E-03,+1.990496E+00
+71.500E-03,+533.739E-03,+1.969190E+00
+71.600E-03,+533.025E-03,+1.939039E+00
+71.700E-03,+532.382E-03,+1.917531E+00
+71.800E-03,+531.628E-03,+1.893210E+00
+71.900E-03,+531.377E-03,+1.868888E+00
+72.000E-03,+530.674E-03,+1.844566E+00
+72.100E-03,+529.870E-03,+1.825270E+00
+72.200E-03,+529.247E-03,+1.803361E+00
+72.300E-03,+528.784E-03,+1.776627E+00
+72.400E-03,+528.071E-03,+1.757330E+00
+72.500E-03,+527.357E-03,+1.733009E+00
+72.600E-03,+526.895E-03,+1.714516E+00
+72.700E-03,+526.181E-03,+1.689391E+00
+72.800E-03,+525.468E-03,+1.670094E+00
+72.900E-03,+525.005E-03,+1.648988E+00
+73.000E-03,+524.543E-03,+1.625471E+00
+73.100E-03,+523.578E-03,+1.606978E+00
+73.200E-03,+522.865E-03,+1.587883E+00
+73.300E-03,+522.402E-03,+1.568587E+00
+73.400E-03,+521.689E-03,+1.541451E+00
+73.500E-03,+521.226E-03,+1.524968E+00
+73.600E-03,+520.764E-03,+1.506878E+00
+73.700E-03,+520.051E-03,+1.490596E+00
+73.800E-03,+519.106E-03,+1.467079E+00
+73.900E-03,+518.432E-03,+1.447783E+00
+74.000E-03,+517.910E-03,+1.433511E+00
+74.100E-03,+517.196E-03,+1.414215E+00
+74.200E-03,+516.734E-03,+1.394918E+00
+74.300E-03,+516.020E-03,+1.375622E+00
+74.400E-03,+515.297E-03,+1.361149E+00
+74.500E-03,+514.543E-03,+1.342054E+00
+74.600E-03,+514.041E-03,+1.322757E+00
+74.700E-03,+513.538E-03,+1.303461E+00
+74.800E-03,+512.784E-03,+1.284164E+00
+74.900E-03,+511.990E-03,+1.265672E+00
+75.000E-03,+511.277E-03,+1.250597E+00
+75.100E-03,+510.814E-03,+1.231300E+00
+75.200E-03,+510.101E-03,+1.217029E+00
+75.300E-03,+509.267E-03,+1.202757E+00
+75.400E-03,+508.513E-03,+1.188486E+00
+75.500E-03,+508.010E-03,+1.174215E+00
+75.600E-03,+507.247E-03,+1.154918E+00
+75.700E-03,+506.533E-03,+1.140647E+00
+75.800E-03,+506.071E-03,+1.126376E+00
+75.900E-03,+505.357E-03,+1.112104E+00
+76.000E-03,+504.744E-03,+1.097833E+00
+76.100E-03,+504.181E-03,+1.083561E+00
+76.200E-03,+503.468E-03,+1.064265E+00
+76.300E-03,+502.754E-03,+1.049994E+00
+76.400E-03,+501.789E-03,+1.039541E+00
+76.500E-03,+501.327E-03,+1.026476E+00
+76.600E-03,+500.613E-03,+1.014416E+00
+76.700E-03,+499.970E-03,+997.933E-03
+76.800E-03,+499.468E-03,+983.662E-03
+76.900E-03,+498.724E-03,+974.215E-03
+77.000E-03,+498.211E-03,+960.144E-03
+77.100E-03,+497.548E-03,+949.089E-03
+77.200E-03,+496.965E-03,+939.039E-03
+77.300E-03,+496.121E-03,+927.381E-03
+77.400E-03,+495.659E-03,+913.109E-03
+77.500E-03,+494.694E-03,+903.863E-03
+77.600E-03,+494.191E-03,+888.788E-03
+77.700E-03,+493.438E-03,+878.737E-03
+77.800E-03,+492.935E-03,+868.687E-03
+77.900E-03,+492.091E-03,+856.828E-03
+78.000E-03,+491.427E-03,+843.562E-03
+78.100E-03,+490.674E-03,+833.310E-03
+78.200E-03,+489.950E-03,+823.461E-03
+78.300E-03,+489.417E-03,+809.793E-03
+78.400E-03,+488.774E-03,+800.546E-03
+78.500E-03,+488.061E-03,+788.285E-03
+78.600E-03,+487.347E-03,+778.235E-03
+78.700E-03,+486.633E-03,+763.160E-03
+78.800E-03,+485.920E-03,+753.511E-03
+78.900E-03,+485.397E-03,+748.084E-03
+79.000E-03,+484.744E-03,+735.019E-03
+79.100E-03,+484.282E-03,+725.772E-03
+79.200E-03,+483.568E-03,+716.526E-03
+79.300E-03,+482.633E-03,+707.280E-03
+79.400E-03,+482.141E-03,+698.034E-03
+79.500E-03,+481.427E-03,+688.788E-03
+79.600E-03,+480.463E-03,+679.541E-03
+79.700E-03,+480.121E-03,+667.682E-03
+79.800E-03,+479.287E-03,+661.049E-03
+79.900E-03,+478.824E-03,+651.803E-03
+80.000E-03,+478.111E-03,+642.556E-03
+80.100E-03,+477.397E-03,+637.531E-03
+80.200E-03,+476.432E-03,+629.089E-03
+80.300E-03,+475.850E-03,+622.456E-03
+80.400E-03,+475.096E-03,+612.406E-03
+80.500E-03,+474.342E-03,+606.376E-03
+80.600E-03,+473.578E-03,+597.330E-03
+80.700E-03,+472.865E-03,+587.280E-03
+80.800E-03,+472.151E-03,+577.230E-03
+80.900E-03,+471.578E-03,+572.205E-03
+81.000E-03,+470.824E-03,+567.180E-03
+81.100E-03,+470.262E-03,+557.129E-03
+81.200E-03,+469.297E-03,+552.104E-03
+81.300E-03,+468.814E-03,+547.079E-03
+81.400E-03,+467.870E-03,+538.235E-03
+81.500E-03,+467.407E-03,+532.004E-03
+81.600E-03,+466.694E-03,+524.767E-03
+81.700E-03,+465.980E-03,+515.521E-03
+81.800E-03,+465.267E-03,+506.878E-03
+81.900E-03,+464.553E-03,+502.054E-03
+82.000E-03,+463.840E-03,+496.828E-03
+82.100E-03,+463.126E-03,+488.587E-03
+82.200E-03,+462.412E-03,+481.752E-03
+82.300E-03,+461.448E-03,+476.727E-03
+82.400E-03,+460.774E-03,+471.702E-03
+82.500E-03,+460.020E-03,+466.677E-03
+82.600E-03,+459.307E-03,+462.456E-03
+82.700E-03,+458.593E-03,+456.627E-03
+82.800E-03,+457.749E-03,+451.602E-03
+82.900E-03,+457.166E-03,+443.361E-03
+83.000E-03,+456.201E-03,+436.526E-03
+83.100E-03,+455.488E-03,+436.325E-03
+83.200E-03,+454.995E-03,+426.476E-03
+83.300E-03,+453.990E-03,+421.451E-03
+83.400E-03,+453.236E-03,+413.612E-03
+83.500E-03,+452.734E-03,+409.391E-03
+83.600E-03,+451.980E-03,+401.350E-03
+83.700E-03,+451.206E-03,+400.948E-03
+83.800E-03,+450.262E-03,+396.325E-03
+83.900E-03,+449.779E-03,+387.481E-03
+84.000E-03,+448.965E-03,+383.260E-03
+84.100E-03,+447.960E-03,+381.250E-03
+84.200E-03,+447.458E-03,+376.225E-03
+84.300E-03,+446.895E-03,+371.200E-03
+84.400E-03,+445.960E-03,+366.175E-03
+84.500E-03,+445.247E-03,+361.149E-03
+84.600E-03,+444.623E-03,+356.124E-03
+84.700E-03,+443.819E-03,+351.099E-03
+84.800E-03,+443.106E-03,+346.074E-03
+84.900E-03,+442.392E-03,+341.049E-03
+85.000E-03,+441.679E-03,+336.024E-03
+85.100E-03,+440.965E-03,+330.999E-03
+85.200E-03,+440.000E-03,+330.999E-03
+85.300E-03,+439.538E-03,+325.974E-03
+85.400E-03,+438.573E-03,+324.164E-03
+85.500E-03,+437.860E-03,+320.948E-03
+85.600E-03,+437.397E-03,+315.923E-03
+85.700E-03,+436.654E-03,+315.923E-03
+85.800E-03,+435.900E-03,+312.305E-03
+85.900E-03,+435.257E-03,+310.898E-03
+86.000E-03,+434.543E-03,+305.873E-03
+86.100E-03,+433.829E-03,+305.873E-03
+86.200E-03,+432.865E-03,+300.848E-03
+86.300E-03,+432.151E-03,+300.848E-03
+86.400E-03,+431.689E-03,+295.823E-03
+86.500E-03,+430.724E-03,+290.798E-03
+86.600E-03,+430.010E-03,+287.984E-03
+86.700E-03,+429.367E-03,+285.773E-03
+86.800E-03,+428.613E-03,+280.747E-03
+86.900E-03,+427.870E-03,+275.923E-03
+87.000E-03,+427.156E-03,+271.702E-03
+87.100E-03,+426.443E-03,+270.697E-03
+87.200E-03,+425.729E-03,+268.285E-03
+87.300E-03,+424.764E-03,+265.672E-03
+87.400E-03,+424.051E-03,+259.843E-03
+87.500E-03,+423.337E-03,+260.647E-03
+87.600E-03,+422.623E-03,+255.622E-03
+87.700E-03,+422.081E-03,+250.597E-03
+87.800E-03,+421.196E-03,+250.597E-03
+87.900E-03,+420.483E-03,+245.572E-03
+88.000E-03,+419.769E-03,+240.546E-03
+88.100E-03,+419.056E-03,+240.546E-03
+88.200E-03,+418.342E-03,+240.546E-03
+88.300E-03,+417.628E-03,+235.521E-03
+88.400E-03,+416.804E-03,+235.521E-03
+88.500E-03,+416.201E-03,+230.496E-03
+88.600E-03,+415.236E-03,+230.496E-03
+88.700E-03,+414.543E-03,+225.471E-03
+88.800E-03,+414.061E-03,+225.471E-03
+88.900E-03,+413.347E-03,+221.652E-03
+89.000E-03,+412.382E-03,+220.446E-03
+89.100E-03,+411.669E-03,+220.446E-03
+89.200E-03,+411.025E-03,+215.421E-03
+89.300E-03,+410.272E-03,+215.421E-03
+89.400E-03,+409.528E-03,+215.421E-03
+89.500E-03,+408.814E-03,+215.421E-03
+89.600E-03,+408.101E-03,+210.396E-03
+89.700E-03,+407.387E-03,+207.984E-03
+89.800E-03,+406.754E-03,+205.371E-03
+89.900E-03,+405.960E-03,+205.371E-03
+90.000E-03,+405.247E-03,+200.346E-03
+90.100E-03,+404.493E-03,+200.345E-03
+90.200E-03,+403.649E-03,+200.345E-03
+90.300E-03,+402.855E-03,+197.933E-03
+90.400E-03,+402.231E-03,+195.320E-03
+90.500E-03,+401.679E-03,+190.295E-03
+90.600E-03,+400.473E-03,+190.295E-03
+90.700E-03,+399.970E-03,+185.873E-03
+90.800E-03,+399.106E-03,+185.270E-03
+90.900E-03,+398.573E-03,+180.245E-03
+91.000E-03,+397.860E-03,+180.245E-03
+91.100E-03,+397.146E-03,+180.245E-03
+91.200E-03,+396.432E-03,+179.843E-03
+91.300E-03,+395.699E-03,+175.220E-03
+91.400E-03,+394.754E-03,+175.220E-03
+91.500E-03,+394.191E-03,+175.220E-03
+91.600E-03,+393.438E-03,+170.195E-03
+91.700E-03,+392.794E-03,+170.195E-03
+91.800E-03,+391.900E-03,+170.195E-03
+91.900E-03,+391.176E-03,+170.195E-03
+92.000E-03,+390.473E-03,+170.195E-03
+92.100E-03,+389.759E-03,+170.195E-03
+92.200E-03,+389.166E-03,+165.170E-03
+92.300E-03,+388.332E-03,+165.170E-03
+92.400E-03,+387.618E-03,+165.170E-03
+92.500E-03,+386.905E-03,+160.144E-03
+92.600E-03,+385.940E-03,+165.170E-03
+92.700E-03,+385.146E-03,+160.144E-03
+92.800E-03,+384.764E-03,+160.144E-03
+92.900E-03,+384.051E-03,+160.144E-03
+93.000E-03,+383.086E-03,+160.144E-03
+93.100E-03,+382.382E-03,+160.144E-03
+93.200E-03,+381.659E-03,+159.542E-03
+93.300E-03,+380.945E-03,+155.119E-03
+93.400E-03,+380.231E-03,+155.119E-03
+93.500E-03,+379.618E-03,+155.119E-03
+93.600E-03,+378.804E-03,+150.094E-03
+93.700E-03,+378.091E-03,+154.717E-03
+93.800E-03,+377.377E-03,+150.094E-03
+93.900E-03,+376.664E-03,+150.094E-03
+94.000E-03,+375.950E-03,+150.094E-03
+94.100E-03,+375.236E-03,+145.069E-03
+94.200E-03,+374.523E-03,+150.094E-03
+94.300E-03,+373.588E-03,+145.069E-03
+94.400E-03,+373.096E-03,+145.069E-03
+94.500E-03,+372.131E-03,+145.069E-03
+94.600E-03,+371.417E-03,+140.044E-03
+94.700E-03,+370.704E-03,+140.044E-03
+94.800E-03,+369.990E-03,+140.044E-03
+94.900E-03,+369.277E-03,+139.240E-03
+95.000E-03,+368.814E-03,+135.019E-03
+95.100E-03,+367.850E-03,+135.019E-03
+95.200E-03,+367.136E-03,+135.019E-03
+95.300E-03,+366.292E-03,+135.019E-03
+95.400E-03,+365.548E-03,+135.019E-03
+95.500E-03,+364.794E-03,+129.994E-03
+95.600E-03,+364.041E-03,+129.994E-03
+95.700E-03,+363.317E-03,+129.994E-03
+95.800E-03,+362.533E-03,+129.994E-03
+95.900E-03,+361.779E-03,+127.180E-03
+96.000E-03,+361.176E-03,+124.969E-03
+96.100E-03,+360.463E-03,+124.969E-03
+96.200E-03,+359.518E-03,+124.969E-03
+96.300E-03,+358.784E-03,+124.969E-03
+96.400E-03,+358.071E-03,+121.149E-03
+96.500E-03,+357.357E-03,+124.969E-03
+96.600E-03,+356.644E-03,+119.943E-03
+96.700E-03,+355.930E-03,+119.943E-03
+96.800E-03,+355.216E-03,+119.943E-03
+96.900E-03,+354.503E-03,+119.943E-03
+97.000E-03,+353.588E-03,+119.943E-03
+97.100E-03,+352.985E-03,+116.727E-03
+97.200E-03,+352.111E-03,+114.918E-03
+97.300E-03,+351.478E-03,+114.918E-03
+97.400E-03,+350.895E-03,+114.918E-03
+97.500E-03,+349.970E-03,+114.918E-03
+97.600E-03,+349.257E-03,+114.918E-03
+97.700E-03,+348.463E-03,+113.310E-03
+97.800E-03,+347.829E-03,+109.893E-03
+97.900E-03,+346.865E-03,+109.893E-03
+98.000E-03,+346.201E-03,+109.893E-03
+98.100E-03,+345.689E-03,+109.893E-03
+98.200E-03,+344.724E-03,+109.893E-03
+98.300E-03,+344.081E-03,+109.893E-03
+98.400E-03,+343.689E-03,+107.079E-03
+98.500E-03,+342.583E-03,+104.868E-03
+98.600E-03,+342.121E-03,+108.687E-03
+98.700E-03,+341.407E-03,+104.868E-03
+98.800E-03,+340.694E-03,+104.868E-03
+98.900E-03,+339.980E-03,+104.868E-03
+99.000E-03,+339.267E-03,+104.868E-03
+99.100E-03,+338.412E-03,+104.868E-03
+99.200E-03,+337.407E-03,+104.868E-03
+99.300E-03,+336.845E-03,+99.843E-03
+99.400E-03,+336.151E-03,+99.843E-03
+99.500E-03,+335.448E-03,+103.863E-03
+99.600E-03,+334.573E-03,+99.843E-03
+99.700E-03,+333.769E-03,+99.843E-03
+99.800E-03,+333.307E-03,+99.843E-03
+99.900E-03,+332.342E-03,+99.843E-03
+100.000E-03,+331.628E-03,+99.843E-03
+100.100E-03,+330.915E-03,+94.818E-03
+100.200E-03,+330.372E-03,+94.818E-03
+100.300E-03,+329.618E-03,+94.818E-03
+100.400E-03,+328.774E-03,+94.818E-03
+100.500E-03,+327.809E-03,+94.818E-03
+100.600E-03,+327.096E-03,+94.818E-03
+100.700E-03,+326.382E-03,+94.818E-03
+100.800E-03,+325.850E-03,+91.200E-03
+100.900E-03,+325.096E-03,+94.818E-03
+101.000E-03,+324.242E-03,+91.803E-03
+101.100E-03,+323.528E-03,+94.818E-03
+101.200E-03,+322.814E-03,+90.195E-03
+101.300E-03,+321.850E-03,+89.793E-03
+101.400E-03,+321.136E-03,+89.793E-03
+101.500E-03,+320.573E-03,+89.793E-03
+101.600E-03,+319.709E-03,+89.793E-03
+101.700E-03,+319.066E-03,+89.793E-03
+101.800E-03,+318.282E-03,+89.793E-03
+101.900E-03,+317.317E-03,+89.793E-03
+102.000E-03,+316.352E-03,+89.793E-03
+102.100E-03,+315.799E-03,+89.793E-03
+102.200E-03,+315.297E-03,+89.793E-03
+102.300E-03,+314.463E-03,+88.185E-03
+102.400E-03,+313.749E-03,+89.793E-03
+102.500E-03,+313.035E-03,+84.768E-03
+102.600E-03,+312.071E-03,+88.989E-03
+102.700E-03,+311.437E-03,+84.768E-03
+102.800E-03,+310.895E-03,+84.768E-03
+102.900E-03,+310.181E-03,+84.768E-03
+103.000E-03,+309.468E-03,+84.768E-03
+103.100E-03,+308.764E-03,+84.768E-03
+103.200E-03,+308.041E-03,+84.768E-03
+103.300E-03,+307.076E-03,+84.768E-03
+103.400E-03,+306.362E-03,+84.768E-03
+103.500E-03,+305.498E-03,+87.783E-03
+103.600E-03,+304.935E-03,+84.768E-03
+103.700E-03,+304.221E-03,+84.768E-03
+103.800E-03,+303.508E-03,+84.768E-03
+103.900E-03,+302.794E-03,+84.768E-03
+104.000E-03,+302.081E-03,+84.768E-03
+104.100E-03,+301.367E-03,+84.768E-03
+104.200E-03,+300.724E-03,+84.768E-03
+104.300E-03,+299.970E-03,+79.742E-03
+104.400E-03,+299.226E-03,+79.742E-03
+104.500E-03,+298.513E-03,+83.763E-03
+104.600E-03,+297.960E-03,+79.742E-03
+104.700E-03,+296.834E-03,+84.768E-03
+104.800E-03,+296.372E-03,+84.768E-03
+104.900E-03,+295.448E-03,+84.768E-03
+105.000E-03,+294.945E-03,+84.768E-03
+105.100E-03,+294.191E-03,+84.768E-03
+105.200E-03,+293.438E-03,+84.768E-03
+105.300E-03,+292.804E-03,+84.768E-03
+105.400E-03,+291.840E-03,+84.768E-03
+105.500E-03,+291.126E-03,+84.768E-03
+105.600E-03,+290.422E-03,+89.793E-03
+105.700E-03,+289.669E-03,+84.768E-03
+105.800E-03,+288.985E-03,+86.174E-03
+105.900E-03,+288.412E-03,+84.768E-03
+106.000E-03,+287.809E-03,+84.768E-03
+106.100E-03,+287.096E-03,+84.768E-03
+106.200E-03,+286.382E-03,+84.768E-03
+106.300E-03,+285.437E-03,+84.768E-03
+106.400E-03,+284.704E-03,+84.768E-03
+106.500E-03,+284.141E-03,+86.777E-03
+106.600E-03,+283.528E-03,+84.768E-03
+106.700E-03,+282.563E-03,+84.768E-03
+106.800E-03,+281.850E-03,+84.768E-03
+106.900E-03,+281.136E-03,+84.768E-03
+107.000E-03,+280.422E-03,+84.768E-03
+107.100E-03,+279.709E-03,+84.768E-03
+107.200E-03,+278.995E-03,+82.355E-03
+107.300E-03,+278.030E-03,+83.159E-03
+107.400E-03,+277.357E-03,+80.547E-03
+107.500E-03,+276.855E-03,+79.742E-03
+107.600E-03,+276.141E-03,+83.964E-03
+107.700E-03,+275.427E-03,+79.742E-03
+107.800E-03,+274.714E-03,+79.742E-03
+107.900E-03,+274.000E-03,+79.742E-03
+108.000E-03,+273.086E-03,+79.742E-03
+108.100E-03,+272.563E-03,+79.742E-03
+108.200E-03,+271.608E-03,+79.742E-03
+108.300E-03,+270.895E-03,+79.742E-03
+108.400E-03,+270.322E-03,+79.742E-03
+108.500E-03,+269.568E-03,+79.742E-03
+108.600E-03,+269.005E-03,+79.742E-03
+108.700E-03,+268.041E-03,+79.742E-03
+108.800E-03,+267.578E-03,+79.742E-03
+108.900E-03,+266.865E-03,+74.717E-03
+109.000E-03,+265.900E-03,+74.717E-03
+109.100E-03,+264.935E-03,+74.717E-03
+109.200E-03,+264.473E-03,+74.717E-03
+109.300E-03,+263.759E-03,+79.742E-03
+109.400E-03,+263.035E-03,+74.918E-03
+109.500E-03,+262.282E-03,+74.717E-03
+109.600E-03,+261.528E-03,+74.717E-03
+109.700E-03,+260.654E-03,+77.129E-03
+109.800E-03,+259.940E-03,+74.717E-03
+109.900E-03,+259.226E-03,+74.717E-03
+110.000E-03,+258.513E-03,+74.717E-03
+110.100E-03,+257.799E-03,+74.717E-03
+110.200E-03,+257.086E-03,+74.717E-03
+110.300E-03,+256.372E-03,+74.717E-03
+110.400E-03,+255.498E-03,+74.717E-03
+110.500E-03,+254.945E-03,+74.717E-03
+110.600E-03,+254.231E-03,+74.717E-03
+110.700E-03,+253.488E-03,+74.717E-03
+110.800E-03,+252.553E-03,+71.099E-03
+110.900E-03,+252.091E-03,+74.717E-03
+111.000E-03,+251.226E-03,+71.702E-03
+111.100E-03,+250.412E-03,+74.717E-03
+111.200E-03,+249.699E-03,+74.717E-03
+111.300E-03,+248.985E-03,+69.692E-03
+111.400E-03,+248.211E-03,+74.717E-03
+111.500E-03,+247.307E-03,+69.692E-03
+111.600E-03,+246.704E-03,+74.717E-03
+111.700E-03,+245.950E-03,+69.692E-03
+111.800E-03,+245.166E-03,+69.692E-03
+111.900E-03,+244.453E-03,+69.692E-03
+112.000E-03,+243.488E-03,+69.692E-03
+112.100E-03,+242.613E-03,+72.908E-03
+112.200E-03,+242.061E-03,+69.692E-03
+112.300E-03,+241.427E-03,+69.692E-03
+112.400E-03,+240.633E-03,+69.692E-03
+112.500E-03,+239.669E-03,+69.692E-03
+112.600E-03,+239.206E-03,+73.913E-03
+112.700E-03,+238.493E-03,+69.692E-03
+112.800E-03,+237.779E-03,+72.305E-03
+112.900E-03,+236.905E-03,+72.908E-03
+113.000E-03,+236.101E-03,+73.712E-03
+113.100E-03,+235.649E-03,+74.516E-03
+113.200E-03,+234.925E-03,+70.295E-03
+113.300E-03,+234.141E-03,+69.692E-03
+113.400E-03,+232.995E-03,+72.506E-03
+113.500E-03,+232.181E-03,+74.717E-03
+113.600E-03,+231.377E-03,+69.692E-03
+113.700E-03,+230.855E-03,+70.094E-03
+113.800E-03,+230.121E-03,+69.692E-03
+113.900E-03,+229.618E-03,+70.898E-03
+114.000E-03,+228.463E-03,+74.717E-03
+114.100E-03,+227.749E-03,+72.506E-03
+114.200E-03,+227.287E-03,+69.692E-03
+114.300E-03,+226.322E-03,+70.295E-03
+114.400E-03,+225.850E-03,+74.717E-03
+114.500E-03,+225.096E-03,+69.692E-03
+114.600E-03,+224.342E-03,+74.717E-03
+114.700E-03,+223.468E-03,+74.717E-03
+114.800E-03,+222.754E-03,+69.692E-03
+114.900E-03,+222.041E-03,+74.717E-03
+115.000E-03,+221.076E-03,+74.717E-03
+115.100E-03,+220.362E-03,+74.717E-03
+115.200E-03,+219.649E-03,+71.300E-03
+115.300E-03,+218.935E-03,+72.104E-03
+115.400E-03,+218.221E-03,+71.501E-03
+115.500E-03,+217.508E-03,+70.697E-03
+115.600E-03,+216.553E-03,+74.717E-03
+115.700E-03,+216.051E-03,+70.295E-03
+115.800E-03,+215.297E-03,+71.099E-03
+115.900E-03,+214.402E-03,+71.903E-03
+116.000E-03,+213.689E-03,+72.707E-03
+116.100E-03,+212.975E-03,+69.692E-03
+116.200E-03,+212.262E-03,+69.692E-03
+116.300E-03,+211.548E-03,+69.692E-03
+116.400E-03,+210.644E-03,+69.692E-03
+116.500E-03,+210.121E-03,+71.702E-03
+116.600E-03,+209.267E-03,+69.692E-03
+116.700E-03,+208.443E-03,+69.692E-03
+116.800E-03,+207.729E-03,+70.295E-03
+116.900E-03,+207.015E-03,+69.692E-03
+117.000E-03,+206.252E-03,+74.717E-03
+117.100E-03,+205.588E-03,+71.501E-03
+117.200E-03,+204.744E-03,+72.104E-03
+117.300E-03,+204.161E-03,+69.692E-03
+117.400E-03,+203.237E-03,+69.692E-03
+117.500E-03,+202.483E-03,+69.692E-03
+117.600E-03,+201.980E-03,+70.496E-03
+117.700E-03,+201.056E-03,+73.109E-03
+117.800E-03,+200.342E-03,+72.305E-03
+117.900E-03,+199.468E-03,+74.717E-03
+118.000E-03,+198.714E-03,+74.717E-03
+118.100E-03,+198.201E-03,+74.717E-03
+118.200E-03,+197.236E-03,+69.692E-03
+118.300E-03,+196.272E-03,+69.692E-03
+118.400E-03,+195.809E-03,+72.506E-03
+118.500E-03,+195.096E-03,+69.692E-03
+118.600E-03,+194.382E-03,+73.511E-03
+118.700E-03,+193.438E-03,+69.692E-03
+118.800E-03,+192.704E-03,+69.692E-03
+118.900E-03,+191.990E-03,+69.692E-03
+119.000E-03,+191.277E-03,+69.692E-03
+119.100E-03,+190.563E-03,+69.692E-03
+119.200E-03,+189.920E-03,+69.692E-03
+119.300E-03,+189.136E-03,+69.692E-03
+119.400E-03,+188.171E-03,+69.692E-03
+119.500E-03,+187.458E-03,+74.717E-03
+119.600E-03,+186.905E-03,+69.692E-03
+119.700E-03,+186.030E-03,+69.692E-03
+119.800E-03,+185.568E-03,+69.692E-03
+119.900E-03,+184.855E-03,+69.692E-03
+120.000E-03,+184.141E-03,+74.717E-03
+120.100E-03,+183.387E-03,+74.717E-03
+120.200E-03,+182.463E-03,+74.717E-03
+120.300E-03,+181.628E-03,+74.717E-03
+120.400E-03,+181.035E-03,+74.717E-03
+120.500E-03,+180.322E-03,+74.717E-03
+120.600E-03,+179.608E-03,+74.717E-03
+120.700E-03,+178.644E-03,+74.717E-03
+120.800E-03,+177.930E-03,+74.717E-03
+120.900E-03,+177.216E-03,+74.717E-03
+121.000E-03,+176.503E-03,+76.727E-03
+121.100E-03,+175.850E-03,+75.923E-03
+121.200E-03,+175.076E-03,+79.742E-03
+121.300E-03,+174.593E-03,+79.742E-03
+121.400E-03,+173.649E-03,+79.742E-03
+121.500E-03,+172.935E-03,+79.742E-03
+121.600E-03,+172.221E-03,+79.742E-03
+121.700E-03,+171.508E-03,+79.742E-03
+121.800E-03,+170.794E-03,+79.742E-03
+121.900E-03,+169.840E-03,+79.742E-03
+122.000E-03,+168.915E-03,+79.742E-03
+122.100E-03,+168.312E-03,+79.742E-03
+122.200E-03,+167.438E-03,+79.742E-03
+122.300E-03,+166.804E-03,+79.742E-03
+122.400E-03,+166.262E-03,+75.521E-03
+122.500E-03,+165.297E-03,+79.742E-03
+122.600E-03,+164.583E-03,+79.742E-03
+122.700E-03,+163.789E-03,+74.717E-03
+122.800E-03,+163.156E-03,+77.129E-03
+122.900E-03,+162.443E-03,+77.933E-03
+123.000E-03,+161.729E-03,+75.722E-03
+123.100E-03,+160.764E-03,+74.717E-03
+123.200E-03,+160.051E-03,+75.320E-03
+123.300E-03,+159.337E-03,+74.717E-03
+123.400E-03,+158.623E-03,+74.717E-03
+123.500E-03,+157.759E-03,+74.717E-03
+123.600E-03,+157.196E-03,+74.717E-03
+123.700E-03,+156.252E-03,+74.717E-03
+123.800E-03,+155.518E-03,+74.717E-03
+123.900E-03,+154.804E-03,+74.717E-03
+124.000E-03,+154.091E-03,+74.717E-03
+124.100E-03,+153.377E-03,+74.717E-03
+124.200E-03,+152.664E-03,+71.099E-03
+124.300E-03,+151.699E-03,+74.717E-03
+124.400E-03,+151.236E-03,+69.893E-03
+124.500E-03,+150.272E-03,+70.697E-03
+124.600E-03,+149.719E-03,+69.692E-03
+124.700E-03,+148.965E-03,+69.692E-03
+124.800E-03,+148.211E-03,+69.692E-03
+124.900E-03,+147.417E-03,+69.692E-03
+125.000E-03,+146.704E-03,+69.692E-03
+125.100E-03,+145.779E-03,+69.692E-03
+125.200E-03,+145.196E-03,+69.692E-03
+125.300E-03,+144.443E-03,+69.692E-03
+125.400E-03,+143.689E-03,+69.692E-03
+125.500E-03,+143.136E-03,+69.692E-03
+125.600E-03,+142.422E-03,+69.692E-03
+125.700E-03,+141.709E-03,+69.692E-03
+125.800E-03,+140.925E-03,+69.692E-03
+125.900E-03,+140.171E-03,+69.692E-03
+126.000E-03,+139.417E-03,+69.692E-03
+126.100E-03,+138.664E-03,+69.692E-03
+126.200E-03,+137.890E-03,+69.692E-03
+126.300E-03,+137.176E-03,+69.692E-03
+126.400E-03,+136.211E-03,+69.692E-03
+126.500E-03,+135.598E-03,+72.707E-03
+126.600E-03,+134.674E-03,+69.692E-03
+126.700E-03,+134.071E-03,+69.692E-03
+126.800E-03,+133.357E-03,+69.692E-03
+126.900E-03,+132.885E-03,+69.692E-03
+127.000E-03,+131.880E-03,+69.692E-03
+127.100E-03,+131.056E-03,+69.692E-03
+127.200E-03,+130.503E-03,+69.692E-03
+127.300E-03,+129.789E-03,+69.692E-03
+127.400E-03,+129.076E-03,+69.692E-03
+127.500E-03,+128.111E-03,+69.692E-03
+127.600E-03,+127.397E-03,+69.692E-03
+127.700E-03,+126.603E-03,+69.692E-03
+127.800E-03,+125.840E-03,+69.692E-03
+127.900E-03,+125.257E-03,+69.692E-03
+128.000E-03,+124.292E-03,+69.692E-03
+128.100E-03,+123.578E-03,+69.692E-03
+128.200E-03,+122.834E-03,+69.692E-03
+128.300E-03,+122.151E-03,+69.692E-03
+128.400E-03,+121.327E-03,+69.692E-03
+128.500E-03,+120.724E-03,+66.677E-03
+128.600E-03,+120.010E-03,+69.692E-03
+128.700E-03,+119.066E-03,+69.692E-03
+128.800E-03,+118.583E-03,+69.692E-03
+128.900E-03,+117.870E-03,+69.692E-03
+129.000E-03,+117.156E-03,+69.692E-03
+129.100E-03,+116.191E-03,+69.692E-03
+129.200E-03,+115.659E-03,+69.692E-03
+129.300E-03,+114.794E-03,+69.692E-03
+129.400E-03,+114.302E-03,+69.692E-03
+129.500E-03,+113.588E-03,+70.697E-03
+129.600E-03,+112.875E-03,+69.692E-03
+129.700E-03,+112.161E-03,+74.717E-03
+129.800E-03,+111.196E-03,+71.300E-03
+129.900E-03,+110.483E-03,+74.717E-03
+130.000E-03,+109.769E-03,+74.717E-03
+130.100E-03,+109.267E-03,+74.717E-03
+130.200E-03,+108.342E-03,+74.717E-03
+130.300E-03,+107.508E-03,+74.717E-03
+130.400E-03,+106.915E-03,+74.717E-03
+130.500E-03,+106.252E-03,+74.717E-03
+130.600E-03,+105.488E-03,+74.717E-03
+130.700E-03,+104.774E-03,+74.717E-03
+130.800E-03,+103.990E-03,+74.717E-03
+130.900E-03,+103.237E-03,+74.717E-03
+131.000E-03,+102.633E-03,+74.717E-03
+131.100E-03,+101.920E-03,+74.717E-03
+131.200E-03,+101.206E-03,+74.717E-03
+131.300E-03,+100.242E-03,+74.717E-03
+131.400E-03,+99.528E-03,+74.717E-03
+131.500E-03,+98.814E-03,+74.717E-03
+131.600E-03,+98.101E-03,+74.717E-03
+131.700E-03,+97.206E-03,+73.310E-03
+131.800E-03,+96.453E-03,+69.692E-03
+131.900E-03,+95.468E-03,+69.692E-03
+132.000E-03,+94.794E-03,+69.692E-03
+132.100E-03,+94.282E-03,+69.692E-03
+132.200E-03,+93.317E-03,+69.692E-03
+132.300E-03,+92.603E-03,+69.692E-03
+132.400E-03,+91.890E-03,+64.667E-03
+132.500E-03,+91.176E-03,+64.667E-03
+132.600E-03,+90.422E-03,+64.667E-03
+132.700E-03,+89.749E-03,+68.084E-03
+132.800E-03,+89.035E-03,+67.280E-03
+132.900E-03,+88.071E-03,+64.667E-03
+133.000E-03,+87.357E-03,+64.667E-03
+133.100E-03,+86.644E-03,+64.667E-03
+133.200E-03,+86.151E-03,+65.270E-03
+133.300E-03,+85.216E-03,+64.667E-03
+133.400E-03,+84.503E-03,+64.667E-03
+133.500E-03,+83.789E-03,+64.667E-03
+133.600E-03,+82.824E-03,+64.667E-03
+133.700E-03,+82.131E-03,+64.667E-03
+133.800E-03,+81.397E-03,+64.667E-03
+133.900E-03,+80.684E-03,+68.486E-03
+134.000E-03,+80.221E-03,+69.692E-03
+134.100E-03,+79.257E-03,+66.878E-03
+134.200E-03,+78.613E-03,+66.074E-03
+134.300E-03,+77.860E-03,+64.667E-03
+134.400E-03,+76.865E-03,+64.667E-03
+134.500E-03,+76.151E-03,+64.667E-03
+134.600E-03,+75.438E-03,+69.692E-03
+134.700E-03,+74.845E-03,+64.667E-03
+134.800E-03,+74.262E-03,+69.692E-03
+134.900E-03,+73.297E-03,+69.692E-03
+135.000E-03,+72.583E-03,+64.667E-03
+135.100E-03,+71.870E-03,+68.888E-03
+135.200E-03,+71.236E-03,+64.667E-03
+135.300E-03,+70.443E-03,+69.692E-03
+135.400E-03,+69.638E-03,+69.692E-03
+135.500E-03,+68.764E-03,+65.672E-03
+135.600E-03,+68.051E-03,+64.868E-03
+135.700E-03,+67.307E-03,+69.089E-03
+135.800E-03,+66.875E-03,+69.692E-03
+135.900E-03,+66.161E-03,+69.692E-03
+136.000E-03,+65.046E-03,+67.682E-03
+136.100E-03,+64.292E-03,+69.692E-03
+136.200E-03,+63.769E-03,+69.692E-03
+136.300E-03,+62.804E-03,+65.069E-03
+136.400E-03,+62.282E-03,+69.692E-03
+136.500E-03,+61.628E-03,+69.692E-03
+136.600E-03,+60.774E-03,+69.692E-03
+136.700E-03,+60.201E-03,+69.692E-03
+136.800E-03,+59.518E-03,+69.692E-03
+136.900E-03,+58.774E-03,+69.692E-03
+137.000E-03,+58.010E-03,+69.692E-03
+137.100E-03,+57.759E-03,+69.692E-03
+137.200E-03,+56.633E-03,+67.280E-03
+137.300E-03,+55.920E-03,+69.692E-03
+137.400E-03,+55.247E-03,+69.692E-03
+137.500E-03,+54.493E-03,+69.692E-03
+137.600E-03,+53.990E-03,+69.692E-03
+137.700E-03,+53.237E-03,+69.692E-03
+137.800E-03,+52.473E-03,+69.692E-03
+137.900E-03,+51.639E-03,+74.717E-03
+138.000E-03,+50.925E-03,+73.712E-03
+138.100E-03,+49.970E-03,+74.717E-03
+138.200E-03,+49.277E-03,+74.717E-03
+138.300E-03,+48.784E-03,+71.099E-03
+138.400E-03,+47.819E-03,+74.717E-03
+138.500E-03,+47.357E-03,+74.717E-03
+138.600E-03,+46.583E-03,+74.717E-03
+138.700E-03,+45.679E-03,+74.717E-03
+138.800E-03,+44.965E-03,+75.119E-03
+138.900E-03,+44.443E-03,+74.717E-03
+139.000E-03,+43.538E-03,+74.717E-03
+139.100E-03,+42.824E-03,+74.717E-03
+139.200E-03,+42.111E-03,+74.717E-03
+139.300E-03,+41.397E-03,+74.717E-03
+139.400E-03,+40.674E-03,+74.717E-03
+139.500E-03,+39.719E-03,+74.717E-03
+139.600E-03,+38.915E-03,+74.717E-03
+139.700E-03,+38.161E-03,+74.717E-03
+139.800E-03,+37.829E-03,+74.717E-03
+139.900E-03,+36.865E-03,+74.717E-03
+140.000E-03,+36.151E-03,+74.717E-03
+140.100E-03,+35.186E-03,+74.717E-03
+140.200E-03,+34.392E-03,+74.717E-03
+140.300E-03,+33.759E-03,+72.104E-03
+140.400E-03,+33.136E-03,+74.717E-03
+140.500E-03,+32.081E-03,+74.717E-03
+140.600E-03,+31.377E-03,+74.516E-03
+140.700E-03,+30.684E-03,+74.114E-03
+140.800E-03,+30.191E-03,+71.099E-03
+140.900E-03,+29.226E-03,+72.506E-03
+141.000E-03,+28.664E-03,+69.692E-03
+141.100E-03,+28.051E-03,+69.692E-03
+141.200E-03,+27.337E-03,+74.315E-03
+141.300E-03,+26.372E-03,+69.692E-03
+141.400E-03,+25.659E-03,+69.692E-03
+141.500E-03,+24.945E-03,+71.702E-03
+141.600E-03,+24.231E-03,+69.692E-03
+141.700E-03,+23.518E-03,+69.692E-03
+141.800E-03,+22.804E-03,+74.114E-03
+141.900E-03,+22.091E-03,+69.692E-03
+142.000E-03,+21.578E-03,+69.692E-03
+142.100E-03,+20.664E-03,+69.692E-03
+142.200E-03,+19.950E-03,+69.692E-03
+142.300E-03,+19.236E-03,+74.717E-03
+142.400E-03,+18.312E-03,+73.913E-03
+142.500E-03,+17.558E-03,+74.717E-03
+142.600E-03,+17.056E-03,+70.496E-03
+142.700E-03,+16.131E-03,+74.717E-03
+142.800E-03,+15.548E-03,+74.717E-03
+142.900E-03,+14.955E-03,+74.717E-03
+143.000E-03,+14.041E-03,+74.717E-03
+143.100E-03,+13.287E-03,+74.717E-03
+143.200E-03,+12.563E-03,+74.717E-03
+143.300E-03,+11.850E-03,+74.717E-03
+143.400E-03,+11.136E-03,+74.717E-03
+143.500E-03,+10.422E-03,+76.727E-03
+143.600E-03,+9.709E-03,+79.742E-03
+143.700E-03,+8.995E-03,+79.742E-03
+143.800E-03,+8.533E-03,+79.742E-03
+143.900E-03,+7.568E-03,+79.742E-03
+144.000E-03,+7.005E-03,+79.742E-03
+144.100E-03,+6.141E-03,+79.742E-03
+144.200E-03,+5.427E-03,+79.742E-03
+144.300E-03,+4.714E-03,+79.742E-03
+144.400E-03,+3.990E-03,+79.542E-03
+144.500E-03,+3.035E-03,+79.742E-03
+144.600E-03,+2.322E-03,+79.742E-03
+144.700E-03,+1.729E-03,+79.742E-03
+144.800E-03,+1.146E-03,+79.742E-03
+144.900E-03,-30E-06,+79.742E-03
+145.000E-03,-532E-06,+79.742E-03
+145.100E-03,-1.246E-03,+79.742E-03
+145.200E-03,-2.211E-03,+74.717E-03
+145.300E-03,-2.924E-03,+77.129E-03
+145.400E-03,-3.638E-03,+77.933E-03
+145.500E-03,-3.799E-03,+74.717E-03
+145.600E-03,-3.789E-03,+74.717E-03
+145.700E-03,-3.578E-03,+74.717E-03
+145.800E-03,-3.799E-03,+74.717E-03
+145.900E-03,-3.658E-03,+74.717E-03
+146.000E-03,-3.849E-03,+74.717E-03
+146.100E-03,-3.738E-03,+74.717E-03
+146.200E-03,-3.779E-03,+74.717E-03
+146.300E-03,-3.799E-03,+74.717E-03
+146.400E-03,-3.738E-03,+74.717E-03
+146.500E-03,-3.799E-03,+72.707E-03
+146.600E-03,-3.909E-03,+71.903E-03
+146.700E-03,-3.869E-03,+74.717E-03
+146.800E-03,-3.829E-03,+74.717E-03
+146.900E-03,-3.809E-03,+74.717E-03
+147.000E-03,-3.799E-03,+74.717E-03
+147.100E-03,-3.799E-03,+71.501E-03
+147.200E-03,-4.050E-03,+69.692E-03
+147.300E-03,-3.879E-03,+69.692E-03
+147.400E-03,-3.799E-03,+74.717E-03
+147.500E-03,-3.799E-03,+69.692E-03
+147.600E-03,-3.799E-03,+69.692E-03
+147.700E-03,-4.050E-03,+69.692E-03
+147.800E-03,-4.050E-03,+69.692E-03
+147.900E-03,-4.050E-03,+69.692E-03
+148.000E-03,-4.050E-03,+69.692E-03
+148.100E-03,-4.040E-03,+69.692E-03
+148.200E-03,-4.080E-03,+69.692E-03
+148.300E-03,-4.050E-03,+69.692E-03
+148.400E-03,-4.050E-03,+69.692E-03
+148.500E-03,-3.949E-03,+69.692E-03
+148.600E-03,-4.050E-03,+69.692E-03
+148.700E-03,-4.301E-03,+69.692E-03
+148.800E-03,-4.301E-03,+69.692E-03
+148.900E-03,-4.241E-03,+69.692E-03
+149.000E-03,-4.301E-03,+69.692E-03
+149.100E-03,-4.301E-03,+69.692E-03
+149.200E-03,-4.231E-03,+69.692E-03
+149.300E-03,-4.080E-03,+69.692E-03
+149.400E-03,-4.050E-03,+69.692E-03
+149.500E-03,-4.000E-03,+69.692E-03
+149.600E-03,-4.211E-03,+69.692E-03
+149.700E-03,-4.050E-03,+69.692E-03
+149.800E-03,-4.301E-03,+69.692E-03
+149.900E-03,-4.090E-03,+69.692E-03
+150.000E-03,-4.050E-03,+69.692E-03
+150.100E-03,-4.050E-03,+69.692E-03
+150.200E-03,-4.050E-03,+69.692E-03
+150.300E-03,-4.171E-03,+69.692E-03
+150.400E-03,-4.211E-03,+69.692E-03
+150.500E-03,-4.301E-03,+69.692E-03
+150.600E-03,-4.291E-03,+69.893E-03
+150.700E-03,-4.050E-03,+69.692E-03
+150.800E-03,-3.869E-03,+69.692E-03
+150.900E-03,-4.050E-03,+69.692E-03
+151.000E-03,-4.301E-03,+69.692E-03
+151.100E-03,-4.241E-03,+69.692E-03
+151.200E-03,-4.301E-03,+69.692E-03
+151.300E-03,-4.070E-03,+69.692E-03
+151.400E-03,-4.301E-03,+69.692E-03
+151.500E-03,-4.402E-03,+67.682E-03
+151.600E-03,-4.301E-03,+69.692E-03
+151.700E-03,-4.231E-03,+69.692E-03
+151.800E-03,-4.301E-03,+69.692E-03
+151.900E-03,-4.301E-03,+69.692E-03
+152.000E-03,-4.502E-03,+69.692E-03
+152.100E-03,-4.462E-03,+69.692E-03
+152.200E-03,-4.422E-03,+69.692E-03
+152.300E-03,-4.552E-03,+69.692E-03
+152.400E-03,-4.301E-03,+69.692E-03
+152.500E-03,-4.301E-03,+69.692E-03
+152.600E-03,-4.261E-03,+69.692E-03
+152.700E-03,-4.050E-03,+69.692E-03
+152.800E-03,-4.050E-03,+69.692E-03
+152.900E-03,-4.050E-03,+69.692E-03
+153.000E-03,-4.050E-03,+64.667E-03
+153.100E-03,-3.799E-03,+64.868E-03
+153.200E-03,-3.799E-03,+69.089E-03
+153.300E-03,-3.799E-03,+64.667E-03
+153.400E-03,-3.909E-03,+64.667E-03
+153.500E-03,-3.949E-03,+64.667E-03
+153.600E-03,-3.990E-03,+64.667E-03
+153.700E-03,-3.799E-03,+64.667E-03
+153.800E-03,-3.799E-03,+64.667E-03
+153.900E-03,-3.799E-03,+64.667E-03
+154.000E-03,-3.648E-03,+64.667E-03
+154.100E-03,-3.437E-03,+64.667E-03
+154.200E-03,-3.547E-03,+64.667E-03
+154.300E-03,-3.578E-03,+64.667E-03
+154.400E-03,-3.809E-03,+64.667E-03
+154.500E-03,-3.799E-03,+69.692E-03
+154.600E-03,-3.638E-03,+69.692E-03
+154.700E-03,-3.427E-03,+69.692E-03
+154.800E-03,-3.467E-03,+69.692E-03
+154.900E-03,-3.336E-03,+69.692E-03
+155.000E-03,-3.547E-03,+69.692E-03
+155.100E-03,-3.507E-03,+69.692E-03
+155.200E-03,-3.547E-03,+69.692E-03
+155.300E-03,-3.678E-03,+69.692E-03
+155.400E-03,-3.889E-03,+72.908E-03
+155.500E-03,-3.849E-03,+74.717E-03
+155.600E-03,-3.799E-03,+74.717E-03
+155.700E-03,-3.547E-03,+74.717E-03
+155.800E-03,-3.618E-03,+73.310E-03
+155.900E-03,-3.688E-03,+71.903E-03
+156.000E-03,-4.050E-03,+74.717E-03
+156.100E-03,-3.738E-03,+74.717E-03
+156.200E-03,-3.799E-03,+74.315E-03
+156.300E-03,-3.799E-03,+74.717E-03
+156.400E-03,-4.050E-03,+70.898E-03
+156.500E-03,-3.799E-03,+72.707E-03
+156.600E-03,-3.658E-03,+69.692E-03
+156.700E-03,-3.799E-03,+71.099E-03
+156.800E-03,-3.799E-03,+69.692E-03
+156.900E-03,-3.799E-03,+74.717E-03
+157.000E-03,-3.849E-03,+70.697E-03
+157.100E-03,-4.050E-03,+69.692E-03
+157.200E-03,-4.050E-03,+72.104E-03
+157.300E-03,-4.050E-03,+69.692E-03
+157.400E-03,-4.050E-03,+74.717E-03
+157.500E-03,-4.050E-03,+69.692E-03
+157.600E-03,-4.050E-03,+73.913E-03
+157.700E-03,-4.130E-03,+69.692E-03
+157.800E-03,-4.301E-03,+69.692E-03
+157.900E-03,-4.050E-03,+71.501E-03
+158.000E-03,-4.050E-03,+69.692E-03
+158.100E-03,-4.050E-03,+69.692E-03
+158.200E-03,-4.050E-03,+69.692E-03
+158.300E-03,-4.301E-03,+69.692E-03
+158.400E-03,-4.301E-03,+69.692E-03
+158.500E-03,-4.050E-03,+69.692E-03
+158.600E-03,-3.859E-03,+69.692E-03
+158.700E-03,-3.839E-03,+69.692E-03
+158.800E-03,-4.281E-03,+69.692E-03
+158.900E-03,-4.241E-03,+69.692E-03
+159.000E-03,-4.050E-03,+69.692E-03
+159.100E-03,-4.301E-03,+69.692E-03
+159.200E-03,-4.050E-03,+69.692E-03
+159.300E-03,-4.050E-03,+69.692E-03
+159.400E-03,-4.050E-03,+69.692E-03
+159.500E-03,-4.100E-03,+69.692E-03
+159.600E-03,-4.301E-03,+69.692E-03
+159.700E-03,-4.181E-03,+69.692E-03
+159.800E-03,-3.879E-03,+69.692E-03
+159.900E-03,-4.050E-03,+69.692E-03
+160.000E-03,-4.050E-03,+69.692E-03
+160.100E-03,-4.050E-03,+69.692E-03
+160.200E-03,-4.050E-03,+69.692E-03
+160.300E-03,-4.171E-03,+69.692E-03
+160.400E-03,-4.211E-03,+69.692E-03
+160.500E-03,-4.251E-03,+69.692E-03
+160.600E-03,-4.291E-03,+69.692E-03
+160.700E-03,-4.271E-03,+65.270E-03
+160.800E-03,-4.231E-03,+66.074E-03
+160.900E-03,-4.050E-03,+69.692E-03
+161.000E-03,-4.050E-03,+69.692E-03
+161.100E-03,-4.050E-03,+69.692E-03
+161.200E-03,-3.819E-03,+69.692E-03
+161.300E-03,-4.050E-03,+69.692E-03
+161.400E-03,-3.799E-03,+69.692E-03
+161.500E-03,-3.949E-03,+69.692E-03
+161.600E-03,-4.050E-03,+69.692E-03
+161.700E-03,-4.120E-03,+69.692E-03
+161.800E-03,-4.271E-03,+69.692E-03
+161.900E-03,-4.040E-03,+69.692E-03
+162.000E-03,-3.849E-03,+69.692E-03
+162.100E-03,-3.799E-03,+67.883E-03
+162.200E-03,-3.678E-03,+69.692E-03
+162.300E-03,-3.799E-03,+69.692E-03
+162.400E-03,-3.799E-03,+69.692E-03
+162.500E-03,-3.799E-03,+69.692E-03
+162.600E-03,-3.799E-03,+65.471E-03
+162.700E-03,-3.879E-03,+66.275E-03
+162.800E-03,-3.919E-03,+64.667E-03
+162.900E-03,-4.050E-03,+69.692E-03
+163.000E-03,-4.050E-03,+65.672E-03
+163.100E-03,-4.050E-03,+64.667E-03
+163.200E-03,-4.080E-03,+69.089E-03
+163.300E-03,-4.301E-03,+69.692E-03
+163.400E-03,-4.301E-03,+69.692E-03
+163.500E-03,-4.201E-03,+69.692E-03
+163.600E-03,-4.110E-03,+69.692E-03
+163.700E-03,-4.301E-03,+70.094E-03
+163.800E-03,-4.301E-03,+69.692E-03
+163.900E-03,-4.241E-03,+74.717E-03
+164.000E-03,-4.201E-03,+69.692E-03
+164.100E-03,-4.412E-03,+74.717E-03
+164.200E-03,-4.301E-03,+73.310E-03
+164.300E-03,-4.331E-03,+74.717E-03
+164.400E-03,-4.301E-03,+74.717E-03
+164.500E-03,-4.301E-03,+74.717E-03
+164.600E-03,-4.552E-03,+74.717E-03
+164.700E-03,-4.301E-03,+74.717E-03
+164.800E-03,-4.301E-03,+74.717E-03
+164.900E-03,-4.512E-03,+74.717E-03
+165.000E-03,-4.301E-03,+74.717E-03
+165.100E-03,-4.301E-03,+74.717E-03
+165.200E-03,-4.301E-03,+74.717E-03
+165.300E-03,-4.301E-03,+74.717E-03
+165.400E-03,-4.301E-03,+74.717E-03
+165.500E-03,-4.301E-03,+74.717E-03
+165.600E-03,-4.301E-03,+74.516E-03
+165.700E-03,-4.080E-03,+74.717E-03
+165.800E-03,-4.050E-03,+71.099E-03
+165.900E-03,-4.160E-03,+74.717E-03
+166.000E-03,-4.301E-03,+74.717E-03
+166.100E-03,-4.241E-03,+69.692E-03
+166.200E-03,-4.301E-03,+74.717E-03
+166.300E-03,,
